#alt(cm),O(cm-3),N2(cm-3),CO(cm-3),CO2(cm-3),H(cm-3),H2(cm-3)
8074600,2.26E+11,1.62E+12,2.32E+11,7.43E+13,873900,11296665
8099400,2.20E+11,1.58E+12,2.25E+11,7.15E+13,1027900,11294529.97
8124300,2.13E+11,1.54E+12,2.18E+11,6.88E+13,1209000,11292386.32
8149200,2.07E+11,1.50E+12,2.12E+11,6.62E+13,1408700,11290242.67
8174000,2.01E+11,1.46E+12,2.05E+11,6.37E+13,1563700,11288107.62
8223800,1.88E+11,1.38E+12,1.93E+11,5.89E+13,2026300,11283820.32
8248600,1.81E+11,1.34E+12,1.87E+11,5.66E+13,2300100,11281685.28
8348100,1.57E+11,1.21E+12,1.66E+11,4.84E+13,2970500,11273119.28
8497300,1.25E+11,1.05E+12,1.39E+11,3.79E+13,3615000,11260274.59
8571800,1.12E+11,9.78E+11,1.28E+11,3.34E+13,3849000,11253860.85
8571900,1.12E+11,9.78E+11,1.28E+11,3.34E+13,3849000,11253852.24
8646500,1.01E+11,9.15E+11,1.19E+11,2.93E+13,4043000,11247429.9
8795600,84370000000,7.87E+11,1.02E+11,2.26E+13,4353000,11234593.81
8902100,75630000000,6.38E+11,91600000000,1.90E+13,4520000,11225425.18
8919900,74320000000,6.21E+11,89740000000,1.84E+13,4544000,11223892.77
8944800,72540000000,5.99E+11,87110000000,1.77E+13,4575000,11221749.12
8964700,71140000000,5.83E+11,84960000000,1.72E+13,4598000,11220035.92
9118900,60470000000,4.85E+11,68980000000,1.35E+13,4722000,11206760.78
9193500,54980000000,4.45E+11,62750000000,1.21E+13,4750000,11200338.43
9317800,45990000000,3.88E+11,54680000000,1.01E+13,4748000,11189637.39
9403300,40550000000,3.53E+11,49960000000,9.00E+12,4707000,11182276.66
9417200,39750000000,3.47E+11,49220000000,8.83E+12,4697000,11181080
9541500,33560000000,3.02E+11,42800000000,7.53E+12,4566000,11170378.96
9591300,31478000000,2.85E+11,40250000000,7.08E+12,4499000,11166091.66
9616100,30500000000,2.77E+11,38990000000,6.87E+12,4464000,11163956.62
9740500,26128000000,2.39E+11,33090000000,5.90E+12,4277000,11153246.97
9889600,21808000000,1.98E+11,27449000000,4.88E+12,4027000,11140410.89
9967200,19955000000,1.79E+11,25303000000,4.40E+12,3888000,11133730.27
10063700,18008000000,1.58E+11,23165000000,3.83E+12,3709000,11125422.54
10138300,16756000000,1.43E+11,21726000000,3.42E+12,3569000,11119000.2
10155200,16502000000,1.40E+11,21414000000,3.33E+12,3537000,11117545.27
10237700,15390000000,1.25E+11,19916000000,2.93E+12,3380000,11110442.81
10468400,13090000000,91860000000,15943000000,2.09E+12,2945100,11090581.75
10610700,12008000000,76170000000,13715000000,1.73E+12,2685400,11078331
10685300,11496000000,69100000000,12616000000,1.58E+12,2552900,11071908.73
10719000,11274000000,66140000000,12133000000,1.52E+12,2494000,11069007.49
10781700,10873000000,61010000000,11265000000,1.40E+12,2386100,11063609.62
11032300,9369000000,44350000000,8366000000,1.02E+12,1979700,11042035.3
11108000,8931000000,40320000000,7701000000,9.17E+11,1866300,11035518.31
11182600,8500000000,36710000000,7130000000,8.21E+11,1758800,11029095.96
11282900,7917000000,32352000000,6461000000,7.03E+11,1621400,11020461
11533500,6516000000,23569000000,5125000000,4.84E+11,1312200,10998886.83
11596200,6197000000,21768000000,4846000000,4.45E+11,1241900,10993488.96
11630100,6031000000,20849000000,4701000000,4.25E+11,1205000,10990570.5
11679900,5798000000,19572000000,4497000000,3.99E+11,1152200,10986283.19
11846800,5111000000,15824000000,3887000000,3.25E+11,988500,10971914.7
12097400,4317000000,11495000000,3168000000,2.37E+11,788400,10950340.44
12160100,4156000000,10614000000,3017400000,2.17E+11,747400,10944942.57
12177200,4114000000,10386000000,2977900000,2.12E+11,736800,10943470.43
12222700,4007000000,9803000000,2875800000,1.99E+11,709600,10939553.31
12410700,3610000000,7740000000,2495600000,1.50E+11,612400,10923368.31
12598600,3234200000,6171000000,2168100000,1.12E+11,533500,10908002.29
12649600,3128500000,5798000000,2086800000,1.04E+11,514600,10905949.63
12898200,2592700000,4207000000,1728200000,72140000000,434300,10895943.91
13022600,2357200000,3623000000,1567600000,60540000000,400300,10890937
13099900,2231300000,3304000000,1471900000,54420000000,381000,10887825.84
13162500,2140400000,3061500000,1395900000,50000000000,366300,10885306.3
13271200,1999700000,2664800000,1267800000,43300000000,342400,10880931.32
13538400,1702600000,1860800000,994200000,30839000000,291590,10870176.99
13594400,1644600000,1751700000,947000000,28774000000,282150,10867923
13669000,1567600000,1626700000,888700000,26244000000,270130,10864920.5
13726400,1508000000,1540800000,847000000,24455000000,261300,10862610.32
14102300,1145900000,1075900000,626200000,15492000000,211040,10847481
14141400,1114900000,1030400000,607500000,14792000000,206470,10845907.29
14166300,1096000000,1001000000,595900000,14366000000,203630,10844905.11
14352900,972000000,782800000,517500000,11595000000,184210,10837394.79
14540900,864300000,643300000,451200000,9451000000,168620,10829828.12
14663600,795200000,591900000,414000000,8330000000,160540,10824889.66
15042100,607300000,485900000,322820000,5850000000,143020,10809655.69
15104800,586800000,469500000,310600000,5546000000,140870,10807132.13
15111100,584800000,467800000,309400000,5516000000,140660,10806878.57
15167400,568000000,450600000,299060000,5263000000,138860,10804612.59
15292700,534800000,405000000,277840000,4751000000,135190,10799569.48
15480700,491800000,356300000,250030000,4093000000,130270,10792002.81
15856600,422400000,291570000,204920000,3045100000,121620,10776873.5
16357800,352600000,228770000,158750000,2026400000,110340,10756701.07
16420500,345400000,222140000,153760000,1927000000,108610,10754177.51
16483200,338400000,215750000,148910000,1833400000,106480,10751653.94
16608500,325350000,203590000,139660000,1662600000,98980,10746610.84
16671100,319180000,197810000,135260000,1585000000,97230,10744091.3
17485600,254500000,137830000,90710000,895400000,90460,10711309.1
17610900,246080000,130600000,85720000,825000000,89880,10706265.99
17736200,237830000,123790000,81120000,761000000,89340,10701222.89
17986800,221760000,111280000,72920000,649300000,88360,10691136.68
18550700,189330000,87850000,57980000,456900000,86440,10668440.69
18676000,183030000,83410000,55160000,422400000,86050,10663397.58
18926600,171500000,75270000,49910000,361000000,85300,10653311.37
19114600,163770000,69750000,46320000,320950000,84750,10645744.7
19553200,148240000,58530000,39000000,245340000,83550,10628091.82
19866400,138660000,51730000,34600000,203760000,82730,10615486.07
20179700,129920000,45770000,30782000,169660000,81930,10602876.29
20555600,120000000,39560000,26800000,135890000,81020,10587746.97
21119500,104170000,31732000,21700000,94530000,79710,10565050.99
21182200,102720000,30953000,21183000,90710000,79570,10562527.43
21370100,98740000,28708000,19687000,80290000,79150,10554964.78
22122000,84940000,21027000,14630000,50240000,77540,10524702.1
22309900,81780000,19419000,13612000,44920000,77150,10517139.47
22560500,77650000,17456000,12394000,38780000,76640,10507053.26
23124400,68630000,13738000,10077000,27829000,75540,10484357.27
23563000,62050000,11451000,8538000,21260000,74720,10466704.39
23751000,59410000,10614000,7928000,18903000,74380,10459137.72
23938900,56900000,9854000,7350000,16803000,74050,10451575.07
24126900,54510000,9159000,6810000,14942000,73730,10444008.4
24377500,51540000,8314000,6154000,12802000,73320,10433922.2
24816100,46840000,7002000,5191000,9865000,72870,10416269.31
24941400,45620000,6658000,4959000,9185000,73780,10411226.2
25129300,43860000,6164000,4641000,8276000,73850,10403663.56
25379900,41690000,5551000,4259000,7239000,73760,10393577.35
25943800,37380000,4375000,3512000,5401000,73320,10370881.36
26069100,36500000,4153000,3359000,5057000,73200,10365838.25
26131800,36070000,4048000,3284000,4891000,73140,10363314.69
26194400,35640000,3947000,3209200,4729000,73080,10360795.15
26821000,31515000,3134400,2532600,3284000,72430,10348556.71
26921500,30865000,3032000,2438100,3082500,72320,10346722.44
26946400,30704000,3007400,2415400,3034100,72290,10346267.98
27322200,28325000,2661100,2107000,2404900,71870,10339409.1
27493400,27282000,2513400,1989800,2182000,71680,10336284.45
27891200,25001000,2182000,1760400,1757500,71230,10329024
28262000,23093000,1884600,1564900,1440000,70800,10322256.42
28264200,23082000,1882900,1563700,1438300,70800,10322216.26
28587400,21608000,1644600,1386900,1206800,70430,10316317.4
28910700,20279000,1434300,1221400,1008300,70050,10310416.72
29233900,19066000,1254300,1079900,839800,69680,10304517.86
29640400,17662000,1065200,936500,666800,69200,10297098.65
29703000,17456000,1039300,916900,643700,69130,10295956.12
29955000,16646000,942800,842700,559200,68840,10291356.76
30278200,15653000,835700,755000,467500,68470,10285457.9
30705500,14407000,718400,642600,369400,67970,10277659.07
30899800,13863000,672900,597200,331700,67750,10274112.8
30924600,13794000,667400,592000,327200,67720,10273660.18
31144100,13195000,621500,550100,289660,67470,10269653.99
31571100,12071000,541100,478300,228020,66980,10261860.64
31707900,11724000,516400,455900,211040,66820,10259363.84
31819700,11446000,496300,437900,198070,66700,10257323.33
32267300,10378000,418700,373700,153790,66190,10249154
32585100,9669000,371300,338300,129130,65830,10243353.7
32739700,9338000,351300,322760,118940,65660,10240532
32773000,9269000,347300,319460,116900,65620,10239924.2
32938600,8930000,328700,302980,107420,65440,10236901.82
33585100,7748000,267850,239650,78140,64730,10225102.27
33734300,7510000,254910,227210,72400,64570,10222379.1
34026100,7085000,229570,205270,61810,64250,10217053.4
34181800,6879000,216390,194300,56600,64090,10214211.66
34652700,6330000,180540,163930,43220,63590,10205617.06
34654200,6328000,180440,163840,43180,63590,10205589.69
34878000,6095000,166070,151810,38080,63360,10201505.01
35467100,5524000,134590,126160,27497,62760,10190753.1
35698500,5309000,124150,117150,24195,62540,10186529.72
35717800,5291000,123320,116410,23938,62530,10186177.47
35723400,5286000,123080,116190,23864,62520,10186075.2
36394700,4679000,97940,91530,16409,61940,10173823.08
36643400,4460000,90410,84100,14305,61780,10169283.95
36782900,4339000,86560,80260,13259,61720,10166737.8
36970800,4176000,81710,75330,11988,61730,10163308.44
37033500,4122000,80160,73730,11595,62760,10162164
37190400,3988000,76380,69770,10675,62890,10159300.43
37588200,3659000,67240,59750,8674,62860,10152040.01
37762200,3522000,63310,55870,7923,62800,10148864.27
37848000,3456000,61390,54160,7576,62770,10147298.29
38408700,3062000,49390,44880,5644,62510,10137064.72
38411900,3060000,49330,44830,5634,62510,10137006.32
38533000,2984000,46930,43120,5286,62440,10134796.07
38913100,2765000,40260,38200,4329,62240,10127858.71
39030300,2702400,38590,36810,4072,62170,10125719.64
39353500,2540200,35220,33280,3446,61990,10119820.78
39477900,2481300,34110,32021,3234.4,61920,10117550.3
39577300,2435400,33150,31057,3074.9,61860,10115736.1
39852900,2313000,30378,28558,2671.7,61700,10110706.02
39900500,2292500,29903,28149,2607.1,61670,10109837.25
39950300,2271300,29413,27728,2541.1,61640,10108928.33
40000000,2250300,28932,27314,2476.7,61610,10108021.24
