#0.25eV differential cross sections for H-H2 elastic collisions from Krstic and Shultz. 1998,
#angle(deg),sigma(cm^2)
0.000440648,2.51E-17
0.00232174,1.32E-16
0.005705932,3.25E-16
0.010593932,6.03E-16
0.016985735,9.67E-16
0.024881265,1.42E-15
0.034280351,1.95E-15
0.045182936,2.57E-15
0.057588561,3.28E-15
0.071497684,4.07E-15
0.086909103,4.95E-15
0.10382339,5.91E-15
0.122239973,6.95E-15
0.14215885,8.08E-15
0.163578878,9.30E-15
0.186500627,1.06E-14
0.210922953,1.20E-14
0.236845856,1.34E-14
0.264268762,1.50E-14
0.293191098,1.66E-14
0.323612865,1.83E-14
0.355532917,2.01E-14
0.388951253,2.19E-14
0.423867301,2.39E-14
0.460279915,2.59E-14
0.498189095,2.80E-14
0.537594267,3.01E-14
0.578492567,3.23E-14
0.620885715,3.46E-14
0.664774282,3.69E-14
0.710158269,3.93E-14
0.757031946,4.17E-14
0.805395313,4.42E-14
0.855248371,4.67E-14
0.906591119,4.92E-14
0.959429287,5.18E-14
1.013751416,5.44E-14
1.069557505,5.70E-14
1.126853284,5.96E-14
1.185633025,6.22E-14
1.245896726,6.48E-14
1.307644387,6.74E-14
1.37087028,7.00E-14
1.435585863,7.25E-14
1.501773947,7.50E-14
1.569445992,7.75E-14
1.638590539,7.98E-14
1.709213317,8.21E-14
1.781314326,8.43E-14
1.854887836,8.65E-14
1.929933848,8.85E-14
2.006452362,9.04E-14
2.084443377,9.21E-14
2.163901164,9.38E-14
2.244825723,9.52E-14
2.327217054,9.66E-14
2.411075157,9.77E-14
2.496400032,9.87E-14
2.583180219,9.95E-14
2.671427179,1.00E-13
2.761129451,1.00E-13
2.852292766,1.01E-13
2.944911394,1.01E-13
3.038979605,1.00E-13
3.134508858,9.97E-14
3.231487694,9.90E-14
3.329916114,9.80E-14
3.429788387,9.68E-14
3.531115973,9.54E-14
3.633881683,9.37E-14
3.738091247,9.18E-14
3.843744664,8.97E-14
3.950836206,8.74E-14
4.059365871,8.48E-14
4.169333661,8.21E-14
4.280733845,7.92E-14
4.393572153,7.61E-14
4.507831397,7.29E-14
4.623528764,6.95E-14
4.740647067,6.60E-14
4.859192035,6.25E-14
4.979157938,5.88E-14
5.100544777,5.51E-14
5.223352551,5.14E-14
5.34757553,4.77E-14
5.473213715,4.40E-14
5.600267107,4.04E-14
5.728724244,3.68E-14
5.858608047,3.33E-14
5.989872678,3.00E-14
6.122569703,2.68E-14
6.256641827,2.38E-14
6.39208905,2.10E-14
6.528968667,1.84E-14
6.667280679,1.60E-14
6.806910493,1.39E-14
6.947972703,1.20E-14
7.090410011,1.04E-14
7.234279713,9.04E-15
7.379467218,7.96E-15
7.526087118,7.15E-15
7.674024821,6.58E-15
7.823394918,6.26E-15
7.974082818,6.16E-15
8.126203113,6.27E-15
8.27964121,6.56E-15
8.434454406,7.01E-15
8.590642701,7.59E-15
8.748206095,8.27E-15
8.907144587,9.02E-15
9.067400883,9.81E-15
9.228974981,1.06E-14
9.391981474,1.14E-14
9.556248473,1.22E-14
9.721947868,1.28E-14
9.888907769,1.34E-14
10.05724277,1.39E-14
10.22695287,1.43E-14
10.39792347,1.46E-14
10.57026918,1.47E-14
10.74393269,1.47E-14
10.918914,1.46E-14
11.09521311,1.44E-14
11.27283003,1.40E-14
11.45176475,1.36E-14
11.63207457,1.31E-14
11.81358759,1.26E-14
11.99647572,1.20E-14
12.18068165,1.15E-14
12.36614809,1.09E-14
12.55293233,1.03E-14
12.74097708,9.82E-15
12.93033963,9.36E-15
13.12096269,8.95E-15
13.31290355,8.61E-15
13.50610492,8.34E-15
13.70062409,8.14E-15
13.89640377,8.01E-15
14.09338666,7.94E-15
14.29174465,7.93E-15
14.49130585,7.96E-15
14.69212756,8.03E-15
14.89420977,8.13E-15
15.09755249,8.25E-15
15.30215572,8.37E-15
15.50801946,8.48E-15
15.7150864,8.58E-15
15.92341386,8.66E-15
16.13300182,8.71E-15
16.34379299,8.74E-15
16.55584467,8.73E-15
16.76909956,8.69E-15
16.98361496,8.62E-15
17.19927628,8.53E-15
17.4161981,8.41E-15
17.63438043,8.28E-15
17.85370867,8.14E-15
18.07424013,8.00E-15
18.29603209,7.86E-15
18.51896997,7.73E-15
18.74311106,7.62E-15
18.96845536,7.52E-15
19.19500287,7.45E-15
19.4226963,7.40E-15
19.65159294,7.36E-15
19.88163549,7.35E-15
20.11288126,7.36E-15
20.34527294,7.37E-15
20.57881054,7.39E-15
20.81355134,7.42E-15
21.04943807,7.44E-15
21.28647071,7.46E-15
21.52464926,7.47E-15
21.76397374,7.46E-15
22.00444412,7.44E-15
22.24606042,7.40E-15
22.48882264,7.35E-15
22.73267348,7.28E-15
22.97767023,7.21E-15
23.22375561,7.12E-15
23.47098689,7.04E-15
23.7193068,6.96E-15
23.96877263,6.88E-15
24.21932707,6.81E-15
24.47097013,6.76E-15
24.72370182,6.71E-15
24.97752212,6.68E-15
25.23248834,6.66E-15
25.48848588,6.65E-15
25.74551475,6.65E-15
26.00368953,6.66E-15
26.26289564,6.67E-15
26.52319036,6.68E-15
26.78457371,6.68E-15
27.04698838,6.69E-15
27.31043438,6.68E-15
27.57491169,6.67E-15
27.84047763,6.65E-15
28.10707489,6.62E-15
28.37470348,6.59E-15
28.64336339,6.55E-15
28.91299733,6.51E-15
29.18371989,6.46E-15
29.45541647,6.41E-15
29.72814438,6.37E-15
30.00190362,6.33E-15
30.27663688,6.29E-15
30.55234417,6.26E-15
30.82908279,6.23E-15
31.10679543,6.20E-15
31.3854821,6.19E-15
31.6652001,6.17E-15
31.94583483,6.16E-15
32.22744358,6.15E-15
32.51002637,6.14E-15
32.79358318,6.14E-15
33.07811402,6.13E-15
33.36356159,6.12E-15
33.6499832,6.10E-15
33.93732153,6.08E-15
34.2255766,6.06E-15
34.51480569,6.04E-15
34.80495152,6.02E-15
35.09601408,5.99E-15
35.38799337,5.96E-15
35.6808894,5.93E-15
35.97470215,5.90E-15
36.26937435,5.87E-15
36.56502057,5.85E-15
36.86152623,5.83E-15
37.15889132,5.81E-15
37.45717315,5.79E-15
37.75631442,5.77E-15
38.05631512,5.76E-15
38.35723255,5.75E-15
38.65895213,5.73E-15
38.96158844,5.72E-15
39.26502688,5.70E-15
39.56932477,5.68E-15
39.87448209,5.66E-15
40.18049885,5.64E-15
40.48731775,5.62E-15
40.79493879,5.59E-15
41.10341926,5.57E-15
41.41270188,5.54E-15
41.72278664,5.52E-15
42.03373084,5.50E-15
42.34541988,5.48E-15
42.65791106,5.46E-15
42.97120438,5.44E-15
43.28529984,5.42E-15
43.60014015,5.40E-15
43.9157826,5.38E-15
44.23222719,5.37E-15
44.54935933,5.35E-15
44.86729361,5.33E-15
45.18603003,5.31E-15
45.505454,5.29E-15
45.82562282,5.27E-15
46.14653648,5.25E-15
46.46819499,5.23E-15
46.79054104,5.21E-15
47.11368924,5.19E-15
47.43746769,5.17E-15
47.76199099,5.15E-15
48.08725913,5.13E-15
48.41315752,5.11E-15
48.73980076,5.09E-15
49.06713155,5.07E-15
49.39514988,5.05E-15
49.72379848,5.03E-15
50.05313462,5.01E-15
50.38315831,4.99E-15
50.71386955,4.97E-15
51.04521104,4.95E-15
51.37718279,4.93E-15
51.70984208,4.91E-15
52.04313163,4.89E-15
52.37705143,4.87E-15
52.71154419,4.85E-15
53.0467245,4.83E-15
53.38253507,4.81E-15
53.71891859,4.79E-15
54.05587507,4.77E-15
54.3935191,4.74E-15
54.73167879,4.72E-15
55.07046873,4.70E-15
55.40983163,4.68E-15
55.74976749,4.66E-15
56.09033361,4.64E-15
56.43141538,4.62E-15
56.77301282,4.60E-15
57.11524051,4.58E-15
57.45792657,4.56E-15
57.80112829,4.54E-15
58.14490297,4.52E-15
58.4892506,4.50E-15
58.83417119,4.48E-15
59.17966474,4.46E-15
59.52573125,4.44E-15
59.87237072,4.42E-15
60.21901018,4.40E-15
60.56679557,4.38E-15
60.91458095,4.36E-15
61.26293929,4.34E-15
61.61187058,4.32E-15
61.96137484,4.30E-15
62.31087909,4.29E-15
62.66152926,4.27E-15
63.01217944,4.25E-15
63.36340256,4.23E-15
63.71462569,4.21E-15
64.06699474,4.19E-15
64.41936378,4.17E-15
64.77230578,4.15E-15
65.12582074,4.13E-15
65.47990866,4.11E-15
65.83399658,4.09E-15
66.18865745,4.07E-15
66.54331833,4.05E-15
66.89912512,4.03E-15
67.25435895,4.01E-15
67.6107387,4.00E-15
67.96711845,3.98E-15
68.32407115,3.96E-15
68.68159682,3.94E-15
69.03912248,3.92E-15
69.3972211,3.90E-15
69.75531973,3.88E-15
70.11399131,3.86E-15
70.47323584,3.85E-15
70.83248038,3.83E-15
71.19172492,3.81E-15
71.55211537,3.79E-15
71.91193287,3.77E-15
72.27289628,3.75E-15
72.63385969,3.73E-15
72.9948231,3.71E-15
73.35635947,3.70E-15
73.71789584,3.68E-15
74.08000516,3.66E-15
74.44211449,3.64E-15
74.80479677,3.62E-15
75.16747906,3.60E-15
75.53016134,3.58E-15
75.89341659,3.57E-15
76.25724479,3.55E-15
76.62107299,3.53E-15
76.98490118,3.51E-15
77.34872938,3.49E-15
77.71313054,3.47E-15
78.07810466,3.46E-15
78.44250582,3.44E-15
78.80747993,3.42E-15
79.173027,3.40E-15
79.53800112,3.38E-15
79.90354819,3.36E-15
80.26909527,3.34E-15
80.6352153,3.32E-15
81.00133533,3.31E-15
81.36745536,3.29E-15
81.73357539,3.27E-15
82.10026838,3.25E-15
82.46638841,3.23E-15
82.8330814,3.21E-15
83.19977439,3.20E-15
83.56704034,3.18E-15
83.93373332,3.16E-15
84.30099927,3.14E-15
84.66826522,3.12E-15
85.03553116,3.10E-15
85.40279711,3.08E-15
85.77063602,3.07E-15
86.13790196,3.05E-15
86.50574087,3.03E-15
86.87357977,3.01E-15
87.24084572,2.99E-15
87.60868462,2.97E-15
87.97652353,2.95E-15
88.34436243,2.93E-15
88.71220134,2.92E-15
89.08004024,2.90E-15
89.44787914,2.88E-15
89.81629101,2.86E-15
90.18412991,2.84E-15
90.55196882,2.83E-15
90.91980772,2.81E-15
91.28764662,2.79E-15
91.65548553,2.77E-15
92.02332443,2.75E-15
92.39116334,2.74E-15
92.75900224,2.72E-15
93.12684115,2.70E-15
93.49410709,2.68E-15
93.861946,2.66E-15
94.22921195,2.64E-15
94.59705085,2.63E-15
94.9643168,2.61E-15
95.33158274,2.59E-15
95.69884869,2.57E-15
96.06611464,2.56E-15
96.43280763,2.54E-15
96.80007357,2.52E-15
97.16676656,2.50E-15
97.53345955,2.49E-15
97.90015254,2.47E-15
98.26627257,2.45E-15
98.63296556,2.44E-15
98.99908559,2.42E-15
99.36463266,2.40E-15
99.73075269,2.38E-15
100.0962998,2.37E-15
100.4618468,2.35E-15
100.8273939,2.33E-15
101.192368,2.32E-15
101.5573421,2.30E-15
101.9223163,2.28E-15
102.2867174,2.27E-15
102.6511186,2.25E-15
103.0149468,2.24E-15
103.3793479,2.22E-15
103.7426032,2.20E-15
104.1064314,2.19E-15
104.4696866,2.17E-15
104.8323689,2.16E-15
105.1956241,2.14E-15
105.5577335,2.13E-15
105.9198428,2.11E-15
106.2819521,2.09E-15
106.6440614,2.08E-15
107.0050249,2.06E-15
107.3665612,2.05E-15
107.7275246,2.03E-15
108.0879151,2.02E-15
108.4483055,2.00E-15
108.808123,1.99E-15
109.1673676,1.97E-15
109.5271851,1.96E-15
109.8858567,1.95E-15
110.2445282,1.93E-15
110.6026269,1.92E-15
110.9607255,1.90E-15
111.3182511,1.89E-15
111.6757768,1.87E-15
112.0327295,1.86E-15
112.3891093,1.85E-15
112.745489,1.83E-15
113.1012958,1.82E-15
113.4565296,1.81E-15
113.8117635,1.79E-15
114.1664243,1.78E-15
114.5205123,1.76E-15
114.8740272,1.75E-15
115.2275422,1.74E-15
115.5804842,1.73E-15
115.9328532,1.71E-15
116.2852223,1.70E-15
116.6370184,1.69E-15
116.9882415,1.67E-15
117.3388917,1.66E-15
117.6889689,1.65E-15
118.0390461,1.64E-15
118.3879774,1.62E-15
118.7369087,1.61E-15
119.085267,1.60E-15
119.4336254,1.59E-15
119.7808378,1.57E-15
120.1280502,1.56E-15
120.4741167,1.55E-15
120.8201832,1.54E-15
121.1656768,1.53E-15
121.5105974,1.51E-15
121.854945,1.50E-15
122.1987197,1.49E-15
122.5419214,1.48E-15
122.8845502,1.47E-15
123.2271789,1.46E-15
123.5686618,1.44E-15
123.9095716,1.43E-15
124.2504815,1.42E-15
124.5902455,1.41E-15
124.9294365,1.40E-15
125.2680546,1.39E-15
125.6066726,1.38E-15
125.9441448,1.37E-15
126.281044,1.36E-15
126.6173702,1.34E-15
126.9531235,1.33E-15
127.2883038,1.32E-15
127.6229111,1.31E-15
127.9569455,1.30E-15
128.2904069,1.29E-15
128.6227225,1.28E-15
128.955038,1.27E-15
129.2862076,1.26E-15
129.6168042,1.25E-15
129.9468279,1.24E-15
130.2762787,1.23E-15
130.6051564,1.22E-15
130.9328883,1.21E-15
131.2600472,1.20E-15
131.5866331,1.19E-15
131.9126461,1.18E-15
132.2380862,1.17E-15
132.5623803,1.16E-15
132.8861014,1.15E-15
133.2092496,1.14E-15
133.5318249,1.13E-15
133.8532542,1.12E-15
134.1741105,1.11E-15
134.494394,1.10E-15
134.8141044,1.09E-15
135.1326689,1.08E-15
135.4506605,1.08E-15
135.7675062,1.07E-15
136.0843518,1.06E-15
136.4000516,1.05E-15
136.7146054,1.04E-15
137.0285863,1.03E-15
137.3419942,1.02E-15
137.6548292,1.01E-15
137.9665182,1.00E-15
138.2770613,9.95E-16
138.5870315,9.86E-16
138.8964287,9.78E-16
139.2052529,9.69E-16
139.5129313,9.61E-16
139.8194637,9.52E-16
140.1254232,9.44E-16
140.4308097,9.35E-16
140.7350503,9.27E-16
141.0387179,9.19E-16
141.3412396,9.11E-16
141.6426154,9.02E-16
141.9434183,8.94E-16
142.2436481,8.86E-16
142.5427321,8.78E-16
142.8412431,8.70E-16
143.1386082,8.62E-16
143.4348274,8.54E-16
143.7304736,8.46E-16
144.0255469,8.39E-16
144.3189013,8.31E-16
144.6122557,8.23E-16
144.9038912,8.15E-16
145.1949537,8.08E-16
145.4854433,8.00E-16
145.7742141,7.93E-16
146.0624118,7.85E-16
146.3500367,7.78E-16
146.6365156,7.70E-16
146.9218485,7.63E-16
147.2066086,7.56E-16
147.4902227,7.48E-16
147.7726909,7.41E-16
148.0540131,7.34E-16
148.3347625,7.27E-16
148.6143659,7.20E-16
148.8933963,7.13E-16
149.1707079,7.05E-16
149.4474465,6.99E-16
149.7236122,6.92E-16
149.9980589,6.85E-16
150.2719328,6.78E-16
150.5446607,6.71E-16
150.8162427,6.64E-16
151.0872517,6.58E-16
151.3565419,6.51E-16
151.6252591,6.44E-16
151.8928304,6.38E-16
152.1592557,6.31E-16
152.4251082,6.24E-16
152.6898147,6.18E-16
152.9528023,6.12E-16
153.215217,6.05E-16
153.4770587,5.99E-16
153.7371815,5.92E-16
153.9961584,5.86E-16
154.2545624,5.80E-16
154.5118204,5.74E-16
154.7673596,5.67E-16
155.0223258,5.61E-16
155.2761461,5.55E-16
155.5288205,5.49E-16
155.780922,5.43E-16
156.0313045,5.37E-16
156.2805412,5.31E-16
156.5292048,5.25E-16
156.7761497,5.19E-16
157.0225215,5.14E-16
157.2671745,5.08E-16
157.5112545,5.02E-16
157.7541886,4.96E-16
157.9954038,4.91E-16
158.2360461,4.85E-16
158.4755425,4.79E-16
158.71332,4.74E-16
158.9505245,4.68E-16
159.1865831,4.63E-16
159.4209228,4.57E-16
159.6546896,4.52E-16
159.8873105,4.46E-16
160.1182125,4.41E-16
160.3485415,4.36E-16
160.5771517,4.30E-16
160.8051889,4.25E-16
161.0315072,4.20E-16
161.2566796,4.15E-16
161.4812791,4.10E-16
161.7041596,4.05E-16
161.9258943,3.99E-16
162.1464831,3.94E-16
162.3653529,3.89E-16
162.5836499,3.84E-16
162.8008009,3.79E-16
163.016233,3.74E-16
163.2310922,3.70E-16
163.4442325,3.65E-16
163.6562269,3.60E-16
163.8670753,3.55E-16
164.0767779,3.50E-16
164.2847616,3.46E-16
164.4921723,3.41E-16
164.6978641,3.36E-16
164.9024101,3.32E-16
165.1058101,3.27E-16
165.3080642,3.23E-16
165.5085994,3.18E-16
165.7085617,3.14E-16
165.9068051,3.09E-16
166.1039026,3.05E-16
166.2992812,3.00E-16
166.4940868,2.96E-16
166.6871736,2.92E-16
166.8791145,2.87E-16
167.0699094,2.83E-16
167.2589855,2.79E-16
167.4469156,2.75E-16
167.6336999,2.71E-16
167.8193382,2.66E-16
168.0032576,2.62E-16
168.1866041,2.58E-16
168.3682318,2.54E-16
168.5481405,2.50E-16
168.7269033,2.46E-16
168.9045203,2.42E-16
169.0809913,2.38E-16
169.2563163,2.35E-16
169.4299226,2.31E-16
169.6018099,2.27E-16
169.7731243,2.23E-16
169.9427198,2.19E-16
170.1111694,2.16E-16
170.2779001,2.12E-16
170.4434849,2.08E-16
170.6079238,2.05E-16
170.7712168,2.01E-16
170.9327909,1.98E-16
171.0926461,1.94E-16
171.2519283,1.91E-16
171.4094917,1.87E-16
171.5653363,1.84E-16
171.7206078,1.80E-16
171.8735876,1.77E-16
172.0259943,1.74E-16
172.1766822,1.70E-16
172.3262242,1.67E-16
172.4740473,1.64E-16
172.6207245,1.61E-16
172.7656828,1.57E-16
172.9094952,1.54E-16
173.0521617,1.51E-16
173.1931094,1.48E-16
173.3329111,1.45E-16
173.4709939,1.42E-16
173.6079308,1.39E-16
173.7431488,1.36E-16
173.877221,1.33E-16
174.0101472,1.30E-16
174.1413545,1.27E-16
174.2714159,1.24E-16
174.3997585,1.22E-16
174.5269551,1.19E-16
174.6524329,1.16E-16
174.7767647,1.13E-16
174.8993777,1.11E-16
175.0208447,1.08E-16
175.1405929,1.06E-16
175.2591952,1.03E-16
175.3766515,1.00E-16
175.492389,9.79E-17
175.6064076,9.54E-17
175.7192803,9.29E-17
175.8304341,9.05E-17
175.940442,8.81E-17
176.049304,8.58E-17
176.1564471,8.34E-17
176.2618713,8.11E-17
176.3661496,7.89E-17
176.4687091,7.66E-17
176.5701226,7.44E-17
176.6698173,7.23E-17
176.768366,7.01E-17
176.8657688,6.80E-17
176.9608798,6.59E-17
177.0548449,6.39E-17
177.1476641,6.19E-17
177.2387643,5.99E-17
177.3287187,5.80E-17
177.4169542,5.60E-17
177.5034708,5.42E-17
177.5888416,5.23E-17
177.6730664,5.05E-17
177.7549993,4.87E-17
177.8363593,4.69E-17
177.9154275,4.52E-17
177.9933498,4.35E-17
178.0701261,4.19E-17
178.1451836,4.02E-17
178.2185222,3.86E-17
178.2907149,3.71E-17
178.3611887,3.55E-17
178.4305166,3.40E-17
178.4981256,3.26E-17
178.5645887,3.11E-17
178.6293329,2.97E-17
178.6923583,2.84E-17
178.7542377,2.70E-17
178.8143983,2.57E-17
178.8734129,2.44E-17
178.9307087,2.32E-17
178.9862856,2.20E-17
179.0407166,2.08E-17
179.0934287,1.97E-17
179.1449949,1.86E-17
179.1948423,1.75E-17
179.2429707,1.64E-17
179.2899533,1.54E-17
179.3352169,1.44E-17
179.3793347,1.35E-17
179.4217335,1.25E-17
179.4624135,1.17E-17
179.5019476,1.08E-17
179.5397629,9.98E-18
179.5758592,9.19E-18
179.6108096,8.44E-18
179.6446141,7.71E-18
179.6761268,7.02E-18
179.7070665,6.36E-18
179.7357144,5.73E-18
179.7632164,5.14E-18
179.7889995,4.57E-18
179.8136367,4.05E-18
179.836555,3.55E-18
179.8577544,3.08E-18
179.877808,2.65E-18
179.8961426,2.25E-18
179.9133313,1.89E-18
179.9282282,1.55E-18
179.9425522,1.25E-18
179.9545843,9.80E-19
179.9654705,7.44E-19
179.9752108,5.40E-19
179.9832322,3.68E-19
179.9895347,2.30E-19
179.9941184,1.24E-19
179.9975561,5.04E-20
179.999275,9.56E-21
