# Collision Energy (eV),Cross Section (cm^2)
# Statistically averaged elastic cross section for O-CO collisions
# Averaged over three potential energy surfaces: 2-3Adp, 3Adp, 3Ap
# NOTE: 2-3Adp 0.25 eV error point was interpolated before averaging
1.000122e-04,1.410749e-13
1.598799e-02,5.171454e-14
3.187597e-02,4.479557e-14
4.776395e-02,4.164200e-14
6.365192e-02,4.084104e-14
7.953990e-02,3.960532e-14
9.542788e-02,3.856779e-14
1.113159e-01,3.801381e-14
1.272038e-01,3.792300e-14
1.430918e-01,3.705730e-14
1.589798e-01,3.661680e-14
1.748678e-01,3.551834e-14
1.907557e-01,3.509904e-14
2.066437e-01,3.502382e-14
2.225317e-01,3.460904e-14
2.384197e-01,3.418636e-14
2.543077e-01,3.414259e-14
2.701956e-01,3.415257e-14
2.860836e-01,3.388915e-14
3.019716e-01,3.343647e-14
3.178596e-01,3.316743e-14
3.337475e-01,3.289840e-14
3.496355e-01,3.262936e-14
3.655235e-01,3.236032e-14
3.814115e-01,3.209129e-14
3.972995e-01,3.182225e-14
4.131874e-01,3.164238e-14
4.290754e-01,3.148119e-14
4.449634e-01,3.132001e-14
4.608514e-01,3.115882e-14
4.767394e-01,3.099763e-14
4.926273e-01,3.083644e-14
5.085153e-01,3.070626e-14
5.244033e-01,3.060335e-14
5.402913e-01,3.050045e-14
5.561792e-01,3.039755e-14
5.720672e-01,3.029465e-14
5.879552e-01,3.019174e-14
6.038432e-01,3.008209e-14
6.197312e-01,2.995069e-14
6.356191e-01,2.981930e-14
6.515071e-01,2.968790e-14
6.673951e-01,2.955651e-14
6.832831e-01,2.942511e-14
6.991710e-01,2.929372e-14
7.150590e-01,2.926892e-14
7.309470e-01,2.925066e-14
7.468350e-01,2.923240e-14
7.627230e-01,2.921414e-14
7.786109e-01,2.919588e-14
7.944989e-01,2.917762e-14
8.103869e-01,2.910773e-14
8.262749e-01,2.900973e-14
8.421628e-01,2.891172e-14
8.580508e-01,2.881372e-14
8.739388e-01,2.871571e-14
8.898268e-01,2.861771e-14
9.057148e-01,2.850193e-14
9.216027e-01,2.835350e-14
9.374907e-01,2.820507e-14
9.533787e-01,2.805663e-14
9.692667e-01,2.790820e-14
9.851546e-01,2.775977e-14
1.001043e+00,2.761414e-14
1.016931e+00,2.751450e-14
1.032819e+00,2.741485e-14
1.048707e+00,2.731521e-14
1.064595e+00,2.721556e-14
1.080483e+00,2.711592e-14
1.096370e+00,2.701628e-14
1.112258e+00,2.696372e-14
1.128146e+00,2.692580e-14
1.144034e+00,2.688789e-14
1.159922e+00,2.684998e-14
1.175810e+00,2.681206e-14
1.191698e+00,2.677415e-14
1.207586e+00,2.674302e-14
1.223474e+00,2.671961e-14
1.239362e+00,2.669619e-14
1.255250e+00,2.667278e-14
1.271138e+00,2.664936e-14
1.287026e+00,2.662595e-14
1.302914e+00,2.659992e-14
1.318802e+00,2.656141e-14
1.334690e+00,2.652289e-14
1.350578e+00,2.648437e-14
1.366466e+00,2.644586e-14
1.382354e+00,2.640734e-14
1.398242e+00,2.636882e-14
1.414130e+00,2.629720e-14
1.430018e+00,2.622098e-14
1.445906e+00,2.614476e-14
1.461794e+00,2.606854e-14
1.477682e+00,2.599233e-14
1.493570e+00,2.591611e-14
1.509458e+00,2.584216e-14
1.525346e+00,2.576985e-14
1.541234e+00,2.569753e-14
1.557122e+00,2.562522e-14
1.573010e+00,2.555290e-14
1.588898e+00,2.548058e-14
1.604786e+00,2.540827e-14
1.620674e+00,2.533595e-14
1.636562e+00,2.526364e-14
1.652450e+00,2.519132e-14
1.668338e+00,2.511900e-14
1.684226e+00,2.504669e-14
1.700114e+00,2.497437e-14
1.716002e+00,2.490206e-14
1.731890e+00,2.482974e-14
1.747778e+00,2.475742e-14
1.763666e+00,2.471388e-14
1.779554e+00,2.467684e-14
1.795442e+00,2.463999e-14
1.811329e+00,2.460314e-14
1.827217e+00,2.456629e-14
1.843105e+00,2.452944e-14
1.858993e+00,2.449259e-14
1.874881e+00,2.445574e-14
1.890769e+00,2.441889e-14
1.906657e+00,2.438204e-14
1.922545e+00,2.434519e-14
1.938433e+00,2.430834e-14
1.954321e+00,2.427149e-14
1.970209e+00,2.423464e-14
1.986097e+00,2.419780e-14
2.001985e+00,2.416482e-14
2.017873e+00,2.416370e-14
2.033761e+00,2.416298e-14
2.049649e+00,2.416225e-14
2.065537e+00,2.416153e-14
2.081425e+00,2.416080e-14
2.097313e+00,2.416008e-14
2.113201e+00,2.415935e-14
2.129089e+00,2.415863e-14
2.144977e+00,2.415790e-14
2.160865e+00,2.415718e-14
2.176753e+00,2.415646e-14
2.192641e+00,2.415573e-14
2.208529e+00,2.415501e-14
2.224417e+00,2.415428e-14
2.240305e+00,2.415356e-14
2.256193e+00,2.415138e-14
2.272081e+00,2.414746e-14
2.287969e+00,2.414393e-14
2.303857e+00,2.414039e-14
2.319745e+00,2.413686e-14
2.335633e+00,2.413332e-14
2.351521e+00,2.412979e-14
2.367409e+00,2.412625e-14
2.383297e+00,2.412272e-14
2.399185e+00,2.411918e-14
2.415073e+00,2.411565e-14
2.430961e+00,2.411212e-14
2.446849e+00,2.410858e-14
2.462737e+00,2.410505e-14
2.478625e+00,2.410151e-14
2.494513e+00,2.409798e-14
2.510401e+00,2.408727e-14
2.526289e+00,2.407290e-14
2.542176e+00,2.405853e-14
2.558064e+00,2.404416e-14
2.573952e+00,2.402978e-14
2.589840e+00,2.401541e-14
2.605728e+00,2.400104e-14
2.621616e+00,2.398667e-14
2.637504e+00,2.397230e-14
2.653392e+00,2.395793e-14
2.669280e+00,2.394356e-14
2.685168e+00,2.392919e-14
2.701056e+00,2.391482e-14
2.716944e+00,2.390044e-14
2.732832e+00,2.388607e-14
2.748720e+00,2.387170e-14
2.764608e+00,2.384127e-14
2.780496e+00,2.380832e-14
2.796384e+00,2.377537e-14
2.812272e+00,2.374242e-14
2.828160e+00,2.370947e-14
2.844048e+00,2.367652e-14
2.859936e+00,2.364357e-14
2.875824e+00,2.361062e-14
2.891712e+00,2.357767e-14
2.907600e+00,2.354472e-14
2.923488e+00,2.351177e-14
2.939376e+00,2.347882e-14
2.955264e+00,2.344587e-14
2.971152e+00,2.341292e-14
2.987040e+00,2.337997e-14
3.002928e+00,2.334671e-14
3.018816e+00,2.331182e-14
3.034704e+00,2.327693e-14
3.050592e+00,2.324204e-14
3.066480e+00,2.320715e-14
3.082368e+00,2.317225e-14
3.098256e+00,2.313736e-14
3.114144e+00,2.310247e-14
3.130032e+00,2.306758e-14
3.145920e+00,2.303269e-14
3.161808e+00,2.299780e-14
3.177696e+00,2.296291e-14
3.193584e+00,2.292802e-14
3.209472e+00,2.289313e-14
3.225360e+00,2.285824e-14
3.241248e+00,2.282335e-14
3.257135e+00,2.278755e-14
3.273023e+00,2.275009e-14
3.288911e+00,2.271263e-14
3.304799e+00,2.267517e-14
3.320687e+00,2.263771e-14
3.336575e+00,2.260025e-14
3.352463e+00,2.256279e-14
3.368351e+00,2.252533e-14
3.384239e+00,2.248787e-14
3.400127e+00,2.245041e-14
3.416015e+00,2.241295e-14
3.431903e+00,2.237549e-14
3.447791e+00,2.233803e-14
3.463679e+00,2.230057e-14
3.479567e+00,2.226311e-14
3.495455e+00,2.222565e-14
3.511343e+00,2.219298e-14
3.527231e+00,2.216224e-14
3.543119e+00,2.213150e-14
3.559007e+00,2.210075e-14
3.574895e+00,2.207001e-14
3.590783e+00,2.203927e-14
3.606671e+00,2.200852e-14
3.622559e+00,2.197778e-14
3.638447e+00,2.194703e-14
3.654335e+00,2.191629e-14
3.670223e+00,2.188555e-14
3.686111e+00,2.185480e-14
3.701999e+00,2.182406e-14
3.717887e+00,2.179332e-14
3.733775e+00,2.176257e-14
3.749663e+00,2.173183e-14
3.765551e+00,2.170848e-14
3.781439e+00,2.168557e-14
3.797327e+00,2.166266e-14
3.813215e+00,2.163975e-14
3.829103e+00,2.161684e-14
3.844991e+00,2.159393e-14
3.860879e+00,2.157103e-14
3.876767e+00,2.154812e-14
3.892655e+00,2.152521e-14
3.908543e+00,2.150230e-14
3.924431e+00,2.147939e-14
3.940319e+00,2.145648e-14
3.956207e+00,2.143357e-14
3.972094e+00,2.141066e-14
3.987982e+00,2.138775e-14
4.003870e+00,2.136638e-14
4.019758e+00,2.135073e-14
4.035646e+00,2.133509e-14
4.051534e+00,2.131944e-14
4.067422e+00,2.130379e-14
4.083310e+00,2.128814e-14
4.099198e+00,2.127249e-14
4.115086e+00,2.125685e-14
4.130974e+00,2.124120e-14
4.146862e+00,2.122555e-14
4.162750e+00,2.120990e-14
4.178638e+00,2.119426e-14
4.194526e+00,2.117861e-14
4.210414e+00,2.116296e-14
4.226302e+00,2.114731e-14
4.242190e+00,2.113166e-14
4.258078e+00,2.111832e-14
4.273966e+00,2.110789e-14
4.289854e+00,2.109746e-14
4.305742e+00,2.108703e-14
4.321630e+00,2.107660e-14
4.337518e+00,2.106617e-14
4.353406e+00,2.105573e-14
4.369294e+00,2.104530e-14
4.385182e+00,2.103487e-14
4.401070e+00,2.102444e-14
4.416958e+00,2.101401e-14
4.432846e+00,2.100357e-14
4.448734e+00,2.099314e-14
4.464622e+00,2.098271e-14
4.480510e+00,2.097228e-14
4.496398e+00,2.096225e-14
4.512286e+00,2.095794e-14
4.528174e+00,2.095496e-14
4.544062e+00,2.095197e-14
4.559950e+00,2.094899e-14
4.575838e+00,2.094600e-14
4.591726e+00,2.094302e-14
4.607614e+00,2.094003e-14
4.623502e+00,2.093705e-14
4.639390e+00,2.093406e-14
4.655278e+00,2.093108e-14
4.671166e+00,2.092809e-14
4.687054e+00,2.092511e-14
4.702941e+00,2.092212e-14
4.718829e+00,2.091914e-14
4.734717e+00,2.091615e-14
4.750605e+00,2.091317e-14
