# O(3P)+CO2(000; j=0) -> O(3P)+CO2(000; j') scattering, statistically averaged (3A2+3B2+3B1) potential energy surfaces
# Differential cross sections; packaged by M. Gacesa (marko.gacesa@nasa.gov), Apr 30 2019
# E = 2.385456 eV
# Column 1: Angle (degrees)
# Column 2: Cross section (cm²)
angle_degrees,cross_section_cm2
0.000000,3.457566333333e-10
0.100000,2.383060000000e-10
0.200000,7.621964666667e-11
0.300000,1.636440000000e-11
0.400000,8.978012666667e-12
0.500000,5.446021166667e-12
0.600000,2.847278333333e-12
0.700000,1.334913666667e-12
0.800000,1.320289766667e-12
0.900000,1.098432800000e-12
1.000000,4.181830666667e-13
1.100000,3.768792000000e-13
1.200000,4.542507000000e-13
1.300000,2.850689633333e-13
1.400000,1.227550633333e-13
1.500000,7.158139666667e-14
1.600000,1.134317800000e-13
1.700000,9.083429333333e-14
1.800000,2.676847866667e-14
1.900000,2.763662333333e-14
2.000000,4.374322333333e-14
2.100000,2.962290333333e-14
2.200000,1.134244933333e-14
2.300000,8.734555666667e-15
2.400000,1.534479200000e-14
2.500000,1.415429000000e-14
2.600000,8.004245666667e-15
2.700000,6.343538566667e-15
2.800000,8.319222000000e-15
2.900000,7.975263333333e-15
3.000000,5.875478000000e-15
3.100000,6.792956333333e-15
3.200000,7.092857666667e-15
3.300000,5.021570666667e-15
3.400000,4.954202000000e-15
3.500000,4.945895333333e-15
3.600000,4.610485666667e-15
3.700000,4.935513000000e-15
3.800000,4.068661333333e-15
3.900000,4.244279666667e-15
4.000000,4.570952333333e-15
4.100000,3.020513000000e-15
4.200000,2.741714333333e-15
4.300000,3.012769200000e-15
4.400000,2.763883333333e-15
4.500000,3.123208666667e-15
4.600000,2.586818000000e-15
4.700000,2.235502666667e-15
4.800000,2.443763000000e-15
4.900000,1.753675333333e-15
5.000000,1.626378333333e-15
5.100000,1.712407700000e-15
5.200000,1.469734633333e-15
5.300000,1.860487000000e-15
5.400000,1.589999000000e-15
5.500000,1.288072466667e-15
5.600000,1.454316333333e-15
5.700000,9.373418666667e-16
5.800000,8.939605000000e-16
5.900000,1.113929666667e-15
6.000000,8.996989000000e-16
6.100000,1.272589333333e-15
6.200000,1.160572666667e-15
6.300000,7.128683666667e-16
6.400000,8.458916000000e-16
6.500000,6.153595666667e-16
6.600000,5.887685666667e-16
6.700000,8.721868000000e-16
6.800000,6.331817333333e-16
6.900000,7.501064666667e-16
7.000000,7.930160000000e-16
7.100000,4.653742333333e-16
7.200000,5.114168666667e-16
7.300000,4.000790666667e-16
7.400000,3.616047000000e-16
7.500000,6.728515000000e-16
7.600000,5.662396000000e-16
7.700000,5.384560666667e-16
7.800000,5.561206333333e-16
7.900000,3.477640000000e-16
8.000000,4.681952000000e-16
8.100000,5.023698000000e-16
8.200000,4.058706333333e-16
8.300000,6.150565000000e-16
8.400000,5.749716000000e-16
8.500000,5.139314000000e-16
8.600000,5.561967000000e-16
8.700000,3.471217666667e-16
8.800000,3.549534000000e-16
8.900000,4.867549666667e-16
9.000000,4.090099000000e-16
9.100000,4.696594000000e-16
9.200000,4.065675666667e-16
9.300000,2.583897333333e-16
9.400000,3.026625000000e-16
9.500000,2.455828000000e-16
9.600000,1.989187000000e-16
9.700000,2.710279333333e-16
9.800000,2.187118000000e-16
9.900000,2.380803000000e-16
10.000000,2.369405666667e-16
10.100000,1.367046200000e-16
10.200000,1.565065366667e-16
10.300000,1.736146666667e-16
10.400000,1.720957333333e-16
10.500000,2.491914333333e-16
10.600000,2.139703666667e-16
10.700000,1.989302333333e-16
10.800000,2.343148333333e-16
10.900000,1.892876666667e-16
11.000000,1.992875333333e-16
11.100000,2.361582333333e-16
11.200000,2.110308333333e-16
11.300000,2.578878333333e-16
11.400000,2.560364333333e-16
11.500000,1.932379333333e-16
11.600000,1.958760666667e-16
11.700000,1.919444666667e-16
11.800000,1.812098666667e-16
11.900000,2.158593000000e-16
12.000000,1.859327666667e-16
12.100000,1.496325000000e-16
12.200000,1.499387333333e-16
12.300000,1.315121000000e-16
12.400000,1.199360200000e-16
12.500000,1.281403966667e-16
12.600000,1.070346733333e-16
12.700000,1.041520800000e-16
12.800000,1.049246633333e-16
12.900000,8.933075333333e-17
13.000000,8.520019000000e-17
13.100000,9.306289000000e-17
13.200000,9.232929333333e-17
13.300000,1.065802333333e-16
13.400000,1.054616766667e-16
13.500000,1.005207600000e-16
13.600000,1.085765200000e-16
13.700000,1.112561033333e-16
13.800000,1.127228033333e-16
13.900000,1.285143666667e-16
14.000000,1.243874300000e-16
14.100000,1.319121666667e-16
14.200000,1.354832666667e-16
14.300000,1.135236533333e-16
14.400000,1.109650433333e-16
14.500000,1.223034000000e-16
14.600000,1.162364833333e-16
14.700000,1.319628866667e-16
14.800000,1.175707466667e-16
14.900000,8.299924666667e-17
15.000000,8.708696666667e-17
15.100000,8.737564333333e-17
15.200000,8.117466666667e-17
15.300000,9.984699666667e-17
15.400000,8.019738000000e-17
15.500000,6.776430333333e-17
15.600000,7.793954000000e-17
15.700000,5.935850333333e-17
15.800000,5.404483000000e-17
15.900000,6.764947333333e-17
16.000000,5.962475000000e-17
16.100000,7.675053000000e-17
16.200000,7.461787000000e-17
16.300000,4.569608333333e-17
16.400000,4.610199000000e-17
16.500000,4.997630000000e-17
16.600000,5.795384333333e-17
16.700000,8.296745000000e-17
16.800000,6.399822333333e-17
16.900000,5.146822333333e-17
17.000000,5.917609333333e-17
17.100000,5.152009333333e-17
17.200000,6.421653000000e-17
17.300000,7.308656666667e-17
17.400000,5.416094666667e-17
17.500000,7.218784000000e-17
17.600000,7.533406666667e-17
17.700000,5.680220333333e-17
17.800000,6.237471666667e-17
17.900000,5.287755000000e-17
18.000000,5.303452333333e-17
18.100000,8.770736333333e-17
18.200000,7.478991666667e-17
18.300000,5.492880333333e-17
18.400000,5.414627666667e-17
18.500000,4.128842333333e-17
18.600000,5.847848333333e-17
18.700000,8.011084333333e-17
18.800000,5.421661333333e-17
18.900000,4.626217333333e-17
19.000000,4.614488000000e-17
19.100000,4.185637000000e-17
19.200000,5.664765000000e-17
19.300000,4.922344666667e-17
19.400000,2.753670333333e-17
19.500000,3.739144333333e-17
19.600000,4.182127333333e-17
19.700000,4.797308333333e-17
19.800000,4.797471000000e-17
19.900000,2.338605666667e-17
20.000000,1.996182000000e-17
20.100000,3.740409333333e-17
20.200000,4.123742000000e-17
20.300000,5.134009666667e-17
20.400000,4.068415333333e-17
20.500000,2.311793000000e-17
20.600000,3.550704333333e-17
20.700000,4.285745666667e-17
20.800000,4.038547333333e-17
20.900000,4.948623666667e-17
21.000000,4.110895566667e-17
21.100000,4.381475000000e-17
21.200000,5.707955333333e-17
21.300000,4.499012333333e-17
21.400000,3.650317000000e-17
21.500000,4.310340000000e-17
21.600000,4.356543333333e-17
21.700000,5.988969333333e-17
21.800000,6.094006666667e-17
21.900000,3.605632333333e-17
22.000000,2.784600666667e-17
22.100000,3.264726333333e-17
22.200000,3.905913000000e-17
22.300000,5.425917333333e-17
22.400000,4.257184000000e-17
22.500000,2.047119333333e-17
22.600000,1.797392666667e-17
22.700000,2.097242666667e-17
22.800000,2.749123100000e-17
22.900000,3.444990000000e-17
23.000000,2.088353666667e-17
23.100000,1.375886666667e-17
23.200000,1.689110333333e-17
23.300000,1.626208933333e-17
23.400000,1.955174666667e-17
23.500000,2.188794666667e-17
23.600000,1.739159433333e-17
23.700000,2.583419666667e-17
23.800000,3.025741000000e-17
23.900000,2.420526000000e-17
24.000000,2.236030666667e-17
24.100000,2.358314266667e-17
24.200000,2.776869333333e-17
24.300000,4.144296333333e-17
24.400000,4.271828666667e-17
24.500000,3.369792333333e-17
24.600000,2.935673000000e-17
24.700000,3.141145666667e-17
24.800000,3.772085333333e-17
24.900000,4.609287666667e-17
25.000000,4.235151666667e-17
25.100000,3.424583333333e-17
25.200000,3.102564666667e-17
25.300000,3.356826000000e-17
25.400000,3.646822333333e-17
25.500000,3.609641333333e-17
25.600000,2.867053000000e-17
25.700000,2.373817666667e-17
25.800000,2.287466666667e-17
25.900000,2.456066700000e-17
26.000000,2.340663233333e-17
26.100000,1.821271333333e-17
26.200000,1.141420200000e-17
26.300000,1.102701666667e-17
26.400000,1.214972666667e-17
26.500000,1.314588733333e-17
26.600000,1.158206066667e-17
26.700000,7.912545333333e-18
26.800000,6.910213000000e-18
26.900000,1.274647600000e-17
27.000000,1.497457666667e-17
27.100000,1.567583000000e-17
27.200000,1.561714900000e-17
27.300000,1.352173900000e-17
27.400000,1.592035333333e-17
27.500000,2.383387333333e-17
27.600000,2.354415666667e-17
27.700000,2.367789666667e-17
27.800000,2.580451333333e-17
27.900000,2.389034666667e-17
28.000000,2.591979000000e-17
28.100000,3.083304000000e-17
28.200000,2.500099666667e-17
28.300000,2.350563000000e-17
28.400000,2.658920333333e-17
28.500000,2.490732000000e-17
28.600000,2.670655000000e-17
28.700000,2.891138666667e-17
28.800000,2.089025333333e-17
28.900000,1.934194333333e-17
29.000000,2.114420666667e-17
29.100000,1.893045666667e-17
29.200000,2.017085000000e-17
29.300000,2.037717000000e-17
29.400000,1.470513700000e-17
29.500000,1.542346066667e-17
29.600000,1.474095933333e-17
29.700000,1.182700300000e-17
29.800000,1.216090733333e-17
29.900000,1.066204866667e-17
30.000000,8.889973333333e-18
30.100000,1.166560566667e-17
30.200000,8.833200333333e-18
30.300000,6.946615000000e-18
30.400000,7.333601666667e-18
30.500000,5.712286000000e-18
30.600000,8.050446000000e-18
30.700000,1.155528833333e-17
30.800000,8.346604333333e-18
30.900000,9.745811000000e-18
31.000000,1.079333966667e-17
31.100000,1.022929133333e-17
31.200000,1.591450666667e-17
31.300000,1.884965333333e-17
31.400000,1.649686000000e-17
31.500000,2.066309666667e-17
31.600000,1.978831000000e-17
31.700000,1.767705333333e-17
31.800000,2.305494666667e-17
31.900000,2.389116000000e-17
32.000000,2.263468000000e-17
32.100000,2.764218666667e-17
32.200000,2.305560333333e-17
32.300000,1.714183000000e-17
32.400000,1.834101666667e-17
32.500000,1.619760333333e-17
32.600000,1.622488000000e-17
32.700000,2.154235666667e-17
32.800000,1.655267000000e-17
32.900000,1.081785800000e-17
33.000000,9.271636333333e-18
33.100000,6.112821666667e-18
33.200000,7.643636666667e-18
33.300000,1.198782466667e-17
33.400000,8.866977666667e-18
33.500000,6.909507000000e-18
33.600000,5.178969000000e-18
33.700000,3.393190600000e-18
33.800000,6.838345666667e-18
33.900000,9.597614000000e-18
34.000000,8.565598666667e-18
34.100000,1.024515266667e-17
34.200000,7.987249000000e-18
34.300000,6.354162000000e-18
34.400000,9.519873666667e-18
34.500000,1.005128233333e-17
34.600000,1.065211733333e-17
34.700000,1.497172333333e-17
34.800000,1.275141500000e-17
34.900000,1.071495966667e-17
35.000000,1.139481833333e-17
35.100000,9.061852000000e-18
35.200000,1.011875866667e-17
35.300000,1.537281333333e-17
35.400000,1.428825333333e-17
35.500000,1.335453000000e-17
35.600000,1.227684666667e-17
35.700000,8.469037333333e-18
35.800000,9.685027333333e-18
35.900000,1.417613333333e-17
36.000000,1.384273000000e-17
36.100000,1.443529666667e-17
36.200000,1.294474000000e-17
36.300000,9.332910333333e-18
36.400000,1.032998433333e-17
36.500000,1.249474333333e-17
36.600000,1.136352000000e-17
36.700000,1.224031533333e-17
36.800000,1.096397466667e-17
36.900000,8.755055333333e-18
37.000000,9.395701333333e-18
37.100000,9.132325333333e-18
37.200000,7.095691000000e-18
37.300000,7.587501666667e-18
37.400000,6.585031666667e-18
37.500000,6.047614666667e-18
37.600000,6.464742666667e-18
37.700000,5.157374333333e-18
37.800000,4.303860400000e-18
37.900000,5.970290000000e-18
38.000000,5.902305000000e-18
38.100000,6.792926666667e-18
38.200000,7.044013666667e-18
38.300000,5.286796000000e-18
38.400000,5.672787666667e-18
38.500000,8.136030000000e-18
38.600000,7.987522333333e-18
38.700000,9.124713000000e-18
38.800000,9.955446000000e-18
38.900000,9.326272666667e-18
39.000000,1.089874266667e-17
39.100000,1.311192200000e-17
39.200000,1.107151566667e-17
39.300000,1.001263600000e-17
39.400000,1.053124233333e-17
39.500000,1.132503233333e-17
39.600000,1.366916000000e-17
39.700000,1.555788300000e-17
39.800000,1.244626733333e-17
39.900000,9.475074333333e-18
40.000000,9.188716666667e-18
40.100000,1.034773233333e-17
40.200000,1.183011866667e-17
40.300000,1.258447333333e-17
40.400000,9.727200333333e-18
40.500000,7.106972666667e-18
40.600000,7.080098333333e-18
40.700000,8.341769666667e-18
40.800000,8.464082333333e-18
40.900000,7.774531000000e-18
41.000000,5.643742000000e-18
41.100000,4.745501333333e-18
41.200000,5.705287666667e-18
41.300000,6.875642333333e-18
41.400000,5.863283666667e-18
41.500000,4.173615666667e-18
41.600000,2.937089000000e-18
41.700000,4.089758000000e-18
41.800000,6.096752333333e-18
41.900000,6.978176666667e-18
42.000000,5.389429666667e-18
42.100000,3.537043333333e-18
42.200000,3.273735000000e-18
42.300000,5.960663333333e-18
42.400000,8.268939000000e-18
42.500000,8.402953333333e-18
42.600000,6.577075666667e-18
42.700000,5.079079666667e-18
42.800000,5.576616666667e-18
42.900000,8.858687000000e-18
43.000000,1.051534633333e-17
43.100000,9.773349333333e-18
43.200000,8.400040666667e-18
43.300000,7.775086000000e-18
43.400000,8.556869000000e-18
43.500000,1.103125800000e-17
43.600000,1.060722666667e-17
43.700000,8.455407666667e-18
43.800000,7.871120666667e-18
43.900000,8.620461000000e-18
44.000000,9.762855000000e-18
44.100000,1.116981433333e-17
44.200000,8.702973666667e-18
44.300000,5.429171666667e-18
44.400000,5.512581633333e-18
44.500000,7.213480666667e-18
44.600000,8.504193333333e-18
44.700000,9.223318333333e-18
44.800000,6.045995666667e-18
44.900000,3.205717480000e-18
45.000000,4.393924333333e-18
45.100000,6.423556333333e-18
45.200000,7.094453000000e-18
45.300000,6.946473000000e-18
45.400000,3.969362000000e-18
45.500000,2.884123000000e-18
45.600000,5.653385000000e-18
45.700000,7.615086000000e-18
45.800000,6.977795000000e-18
45.900000,5.425454000000e-18
46.000000,2.700124666667e-18
46.100000,3.670625000000e-18
46.200000,7.988777666667e-18
46.300000,9.863923333333e-18
46.400000,8.173400666667e-18
46.500000,5.386301666667e-18
46.600000,2.777164333333e-18
46.700000,5.211812700000e-18
46.800000,1.021833566667e-17
46.900000,1.172353730000e-17
47.000000,9.604325766667e-18
47.100000,6.381278000000e-18
47.200000,4.035588866667e-18
47.300000,7.283264333333e-18
47.400000,1.211037900000e-17
47.500000,1.296250066667e-17
47.600000,1.096120566667e-17
47.700000,7.955254666667e-18
47.800000,5.552483666667e-18
47.900000,8.380822666667e-18
48.000000,1.206297966667e-17
48.100000,1.216851800000e-17
48.200000,1.094180233333e-17
48.300000,9.179197000000e-18
48.400000,7.065763266667e-18
48.500000,8.683355333333e-18
48.600000,1.031060433333e-17
48.700000,9.162548333333e-18
48.800000,8.384290333333e-18
48.900000,8.101134766667e-18
49.000000,6.946577333333e-18
49.100000,7.701113000000e-18
49.200000,7.517831666667e-18
49.300000,5.396448666667e-18
49.400000,4.765783066667e-18
49.500000,5.498244666667e-18
49.600000,5.524904333333e-18
49.700000,5.990333000000e-18
49.800000,4.597808666667e-18
49.900000,2.316560166667e-18
50.000000,2.378400266667e-18
50.100000,4.045722666667e-18
50.200000,5.244812200000e-18
50.300000,5.819545600000e-18
50.400000,3.541305866667e-18
50.500000,1.371759033333e-18
50.600000,2.468452333333e-18
50.700000,4.897939766667e-18
50.800000,6.698783333333e-18
50.900000,7.346256666667e-18
51.000000,4.487845666667e-18
51.100000,2.402897000000e-18
51.200000,4.373046000000e-18
51.300000,7.156196333333e-18
51.400000,8.720883333333e-18
51.500000,9.115587000000e-18
51.600000,6.052146000000e-18
51.700000,4.044215333333e-18
51.800000,6.442481000000e-18
51.900000,9.116219333333e-18
52.000000,9.736861000000e-18
52.100000,9.457924666667e-18
52.200000,6.526302000000e-18
52.300000,4.669506000000e-18
52.400000,6.938411000000e-18
52.500000,9.179538333333e-18
52.600000,8.817273666667e-18
52.700000,7.894260333333e-18
52.800000,5.436139666667e-18
52.900000,3.841104666667e-18
53.000000,5.415143333333e-18
53.100000,6.875904000000e-18
53.200000,5.878722333333e-18
53.300000,4.786555000000e-18
53.400000,3.248179333333e-18
53.500000,2.307714866667e-18
53.600000,3.172789333333e-18
53.700000,3.794140333333e-18
53.800000,2.601924000000e-18
53.900000,1.824624333333e-18
54.000000,1.393098640000e-18
54.100000,1.416021000000e-18
54.200000,2.007640000000e-18
54.300000,2.133808000000e-18
54.400000,1.211632533333e-18
54.500000,1.115757133333e-18
54.600000,1.664022466667e-18
54.700000,2.518974466667e-18
54.800000,3.047060666667e-18
54.900000,2.806110000000e-18
55.000000,2.144470666667e-18
55.100000,2.653542666667e-18
55.200000,3.747715666667e-18
55.300000,5.018542666667e-18
55.400000,5.613012000000e-18
55.500000,5.166187000000e-18
55.600000,4.548786000000e-18
55.700000,5.312121000000e-18
55.800000,6.341910333333e-18
55.900000,7.266991333333e-18
56.000000,7.661461333333e-18
56.100000,6.989890333333e-18
56.200000,6.057562333333e-18
56.300000,6.805469666667e-18
56.400000,7.822829666667e-18
56.500000,8.273521666667e-18
56.600000,8.234982000000e-18
56.700000,7.188607333333e-18
56.800000,5.468896000000e-18
56.900000,5.661749666667e-18
57.000000,6.756872000000e-18
57.100000,7.174717666667e-18
57.200000,7.142855000000e-18
57.300000,6.411157666667e-18
57.400000,4.441381000000e-18
57.500000,3.906540000000e-18
57.600000,4.675378000000e-18
57.700000,4.749059000000e-18
57.800000,4.379309333333e-18
57.900000,4.229972766667e-18
58.000000,3.138982566667e-18
58.100000,2.797699333333e-18
58.200000,3.521067333333e-18
58.300000,3.272662666667e-18
58.400000,2.122338333333e-18
58.500000,1.941304200000e-18
58.600000,1.881407666667e-18
58.700000,2.240605766667e-18
58.800000,3.065634333333e-18
58.900000,2.929892666667e-18
59.000000,1.798973566667e-18
59.100000,1.829344456667e-18
59.200000,2.672977766667e-18
59.300000,3.715543300000e-18
59.400000,4.293826000000e-18
59.500000,3.841163400000e-18
59.600000,2.845868333333e-18
59.700000,3.029034666667e-18
59.800000,4.156192000000e-18
59.900000,5.765309000000e-18
60.000000,6.652422000000e-18
60.100000,6.198195666667e-18
60.200000,5.339229333333e-18
60.300000,5.365057666667e-18
60.400000,5.703676666667e-18
60.500000,6.782202333333e-18
60.600000,7.860473333333e-18
60.700000,7.607238000000e-18
60.800000,6.821133000000e-18
60.900000,6.969694333333e-18
61.000000,6.947513333333e-18
61.100000,7.336712000000e-18
61.200000,8.248085000000e-18
61.300000,7.823410666667e-18
61.400000,6.263019666667e-18
61.500000,5.928423666667e-18
61.600000,5.934387333333e-18
61.700000,6.104528333333e-18
61.800000,6.919765333333e-18
61.900000,6.712914333333e-18
62.000000,4.840676666667e-18
62.100000,3.935147033333e-18
62.200000,3.807198133333e-18
62.300000,3.629461000000e-18
62.400000,3.883368000000e-18
62.500000,3.902196933333e-18
62.600000,2.738099400000e-18
62.700000,2.156876533333e-18
62.800000,2.091655466667e-18
62.900000,1.741750500000e-18
63.000000,1.579612533333e-18
63.100000,1.733974533333e-18
63.200000,1.599138633333e-18
63.300000,2.025823333333e-18
63.400000,2.298254333333e-18
63.500000,1.987486933333e-18
63.600000,1.938030066667e-18
63.700000,2.145610433333e-18
63.800000,2.232407166667e-18
63.900000,3.396403000000e-18
64.000000,4.420199700000e-18
64.100000,4.536796666667e-18
64.200000,5.042114333333e-18
64.300000,5.419717666667e-18
64.400000,4.716363666667e-18
64.500000,5.432693333333e-18
64.600000,6.984360333333e-18
64.700000,7.399727333333e-18
64.800000,8.035900000000e-18
64.900000,8.801741333333e-18
65.000000,7.726820000000e-18
65.100000,7.746196333333e-18
65.200000,9.515719666667e-18
65.300000,9.772426666667e-18
65.400000,9.288438333333e-18
65.500000,9.673352666667e-18
65.600000,8.736326000000e-18
65.700000,8.394555000000e-18
65.800000,1.024156800000e-17
65.900000,1.056459166667e-17
66.000000,8.883697000000e-18
66.100000,8.364160333333e-18
66.200000,7.630756666667e-18
66.300000,6.873864666667e-18
66.400000,7.951731333333e-18
66.500000,8.271833666667e-18
66.600000,6.401944000000e-18
66.700000,5.605042000000e-18
66.800000,5.448076000000e-18
66.900000,4.687701233333e-18
67.000000,4.598991833333e-18
67.100000,4.438501666667e-18
67.200000,2.917206133333e-18
67.300000,2.274495800000e-18
67.400000,2.568111733333e-18
67.500000,2.353369766667e-18
67.600000,2.034887666667e-18
67.700000,1.778461010000e-18
67.800000,9.209719833333e-19
67.900000,6.113379666667e-19
68.000000,8.117089000000e-19
68.100000,8.679791000000e-19
68.200000,9.478060666667e-19
68.300000,9.879662000000e-19
68.400000,6.868369000000e-19
68.500000,8.955700900000e-19
68.600000,1.189236500000e-18
68.700000,1.337946600000e-18
68.800000,1.764092966667e-18
68.900000,1.956789780000e-18
69.000000,1.530434300000e-18
69.100000,1.796596000000e-18
69.200000,2.329184000000e-18
69.300000,2.521429333333e-18
69.400000,2.986058666667e-18
69.500000,3.386740566667e-18
69.600000,3.014511400000e-18
69.700000,3.321801000000e-18
69.800000,4.105572666667e-18
69.900000,4.065730666667e-18
70.000000,3.715662666667e-18
70.100000,3.676308000000e-18
70.200000,3.407404666667e-18
70.300000,4.072780000000e-18
70.400000,5.630052666667e-18
70.500000,6.094881333333e-18
70.600000,5.198047666667e-18
70.700000,4.284646666667e-18
70.800000,3.434778000000e-18
70.900000,3.629997666667e-18
71.000000,5.298592800000e-18
71.100000,6.572771400000e-18
71.200000,6.270155000000e-18
71.300000,5.493401633333e-18
71.400000,4.489889166667e-18
71.500000,3.938342966667e-18
71.600000,4.747637766667e-18
71.700000,5.873564066667e-18
71.800000,5.914150633333e-18
71.900000,5.599965033333e-18
72.000000,5.060756466667e-18
72.100000,4.509415166667e-18
72.200000,4.916587100000e-18
72.300000,5.789124833333e-18
72.400000,5.696510133333e-18
72.500000,5.286725666667e-18
72.600000,4.791671333333e-18
72.700000,4.067754333333e-18
72.800000,4.116420333333e-18
72.900000,4.981177333333e-18
73.000000,5.124157666667e-18
73.100000,4.942906333333e-18
73.200000,4.713673000000e-18
73.300000,3.781618666667e-18
73.400000,3.021332133333e-18
73.500000,3.391058333333e-18
73.600000,3.647880000000e-18
73.700000,3.811157333333e-18
73.800000,4.196674000000e-18
73.900000,3.656817666667e-18
74.000000,2.412674000000e-18
74.100000,2.151093200000e-18
74.200000,2.288872600000e-18
74.300000,2.390056866667e-18
74.400000,2.912042666667e-18
74.500000,2.957848666667e-18
74.600000,1.994608666667e-18
74.700000,1.637904900000e-18
74.800000,1.881615200000e-18
74.900000,1.825119966667e-18
75.000000,1.891504966667e-18
75.100000,2.138985700000e-18
75.200000,1.792598500000e-18
75.300000,1.749601090000e-18
75.400000,2.330958290000e-18
75.500000,2.407245770000e-18
75.600000,1.951909566667e-18
75.700000,1.978749106667e-18
75.800000,2.108644166667e-18
75.900000,2.277918766667e-18
76.000000,2.889898866667e-18
76.100000,3.283430466667e-18
76.200000,2.860526266667e-18
76.300000,2.755017033333e-18
76.400000,3.176658266667e-18
76.500000,3.299869966667e-18
76.600000,3.248396833333e-18
76.700000,3.469770966667e-18
76.800000,3.383605933333e-18
76.900000,3.320867500000e-18
77.000000,3.775036000000e-18
77.100000,4.017203833333e-18
77.200000,3.645702133333e-18
77.300000,3.572314700000e-18
77.400000,3.687077566667e-18
77.500000,3.555508033333e-18
77.600000,3.546823666667e-18
77.700000,3.754796666667e-18
77.800000,3.608890333333e-18
77.900000,3.416816333333e-18
78.000000,3.349286133333e-18
78.100000,3.081853233333e-18
78.200000,2.761458333333e-18
78.300000,2.962446333333e-18
78.400000,3.364549333333e-18
78.500000,3.513623666667e-18
78.600000,3.299414000000e-18
78.700000,2.865821333333e-18
78.800000,2.330211000000e-18
78.900000,2.084510333333e-18
79.000000,2.227164666667e-18
79.100000,2.540035000000e-18
79.200000,2.699730000000e-18
79.300000,2.815972333333e-18
79.400000,2.904181533333e-18
79.500000,2.808943700000e-18
79.600000,2.451521633333e-18
79.700000,2.160373700000e-18
79.800000,1.951980933333e-18
79.900000,1.783653566667e-18
80.000000,1.860822100000e-18
80.100000,2.331258600000e-18
80.200000,2.744768966667e-18
80.300000,3.007672166667e-18
80.400000,3.131184100000e-18
80.500000,2.707763000000e-18
80.600000,1.812793933333e-18
80.700000,1.547282333333e-18
80.800000,1.973796466667e-18
80.900000,2.444727533333e-18
81.000000,2.974921000000e-18
81.100000,3.298686666667e-18
81.200000,2.785392033333e-18
81.300000,2.449424933333e-18
81.400000,2.860427000000e-18
81.500000,2.888613666667e-18
81.600000,2.510660333333e-18
81.700000,2.608388666667e-18
81.800000,2.546001000000e-18
81.900000,2.557849666667e-18
82.000000,3.510453666667e-18
82.100000,4.098228666667e-18
82.200000,3.509077333333e-18
82.300000,3.284574000000e-18
82.400000,3.288864333333e-18
82.500000,2.807244000000e-18
82.600000,3.045632666667e-18
82.700000,3.878082000000e-18
82.800000,3.926097666667e-18
82.900000,4.224284000000e-18
83.000000,4.989227666667e-18
83.100000,4.475058333333e-18
83.200000,3.413779666667e-18
83.300000,3.473396333333e-18
83.400000,3.727185666667e-18
83.500000,4.072955333333e-18
83.600000,5.142245666667e-18
83.700000,5.308904333333e-18
83.800000,4.126359333333e-18
83.900000,3.859077333333e-18
84.000000,4.410888666667e-18
84.100000,4.337585000000e-18
84.200000,4.311865666667e-18
84.300000,4.409630666667e-18
84.400000,3.663577333333e-18
84.500000,3.421889000000e-18
84.600000,4.382163000000e-18
84.700000,4.631812333333e-18
84.800000,4.012376666667e-18
84.900000,3.975193000000e-18
85.000000,3.817435000000e-18
85.100000,3.199885000000e-18
85.200000,3.253970666667e-18
85.300000,3.379115666667e-18
85.400000,2.825739000000e-18
85.500000,2.979995000000e-18
85.600000,3.725869333333e-18
85.700000,3.518393000000e-18
85.800000,2.929174666667e-18
85.900000,2.821535333333e-18
86.000000,2.508775666667e-18
86.100000,2.325400200000e-18
86.200000,2.740817966667e-18
86.300000,2.688734766667e-18
86.400000,2.094815533333e-18
86.500000,2.128551533333e-18
86.600000,2.471268000000e-18
86.700000,2.488905666667e-18
86.800000,2.532065666667e-18
86.900000,2.505371000000e-18
87.000000,2.145620333333e-18
87.100000,2.004408333333e-18
87.200000,2.126964600000e-18
87.300000,2.087172000000e-18
87.400000,2.028991333333e-18
87.500000,2.082167000000e-18
87.600000,2.090866666667e-18
87.700000,2.239414666667e-18
87.800000,2.507190000000e-18
87.900000,2.687810333333e-18
88.000000,2.854591666667e-18
88.100000,2.807643666667e-18
88.200000,2.353369333333e-18
88.300000,2.146478900000e-18
88.400000,2.410404400000e-18
88.500000,2.591340700000e-18
88.600000,2.820645033333e-18
88.700000,3.272783133333e-18
88.800000,3.373083300000e-18
88.900000,3.403782366667e-18
89.000000,3.827902922000e-18
89.100000,3.740962033333e-18
89.200000,3.031712696667e-18
89.300000,2.950779163333e-18
89.400000,3.301191570000e-18
89.500000,3.347360991333e-18
89.600000,3.655245733333e-18
89.700000,4.054596966667e-18
89.800000,3.792953066667e-18
89.900000,3.680380100000e-18
90.000000,4.015468133333e-18
90.100000,3.642284566667e-18
90.200000,2.892189433333e-18
90.300000,2.862466966667e-18
90.400000,3.019472533333e-18
90.500000,2.952750333333e-18
90.600000,3.108932433333e-18
90.700000,3.067336833333e-18
90.800000,2.594803933333e-18
90.900000,2.517849233333e-18
91.000000,2.772117533333e-18
91.100000,2.566747533333e-18
91.200000,2.151588933333e-18
91.300000,1.950592033333e-18
91.400000,1.768724800000e-18
91.500000,1.716465633333e-18
91.600000,1.964175333333e-18
91.700000,2.089383633333e-18
91.800000,1.954349933333e-18
91.900000,1.827032846667e-18
92.000000,1.647870860000e-18
92.100000,1.413000013333e-18
92.200000,1.437899436667e-18
92.300000,1.617058626667e-18
92.400000,1.747807433333e-18
92.500000,1.937450300000e-18
92.600000,2.026684000000e-18
92.700000,1.866750200000e-18
92.800000,1.848857400000e-18
92.900000,1.938500933333e-18
93.000000,1.914351300000e-18
93.100000,2.224138366667e-18
93.200000,2.795252566667e-18
93.300000,2.836339700000e-18
93.400000,2.661522833333e-18
93.500000,2.793269733333e-18
93.600000,2.864958066667e-18
93.700000,3.128646000000e-18
93.800000,3.919462700000e-18
93.900000,4.130262433333e-18
94.000000,3.628507800000e-18
94.100000,3.758491600000e-18
94.200000,4.357431000000e-18
94.300000,4.518380333333e-18
94.400000,4.759630533333e-18
94.500000,5.046046000000e-18
94.600000,4.732951666667e-18
94.700000,4.693587666667e-18
94.800000,5.466726333333e-18
94.900000,5.755108000000e-18
95.000000,5.540735666667e-18
95.100000,6.006975333333e-18
95.200000,6.551418666667e-18
95.300000,6.231510000000e-18
95.400000,5.923751666667e-18
95.500000,5.974794666667e-18
95.600000,5.910369333333e-18
95.700000,6.419501000000e-18
95.800000,7.614321333333e-18
95.900000,7.771726000000e-18
96.000000,6.901838333333e-18
96.100000,6.722531333333e-18
96.200000,7.051898000000e-18
96.300000,6.963674333333e-18
96.400000,7.148821000000e-18
96.500000,7.556540333333e-18
96.600000,7.345076333333e-18
96.700000,7.200193000000e-18
96.800000,7.605277333333e-18
96.900000,7.410839666667e-18
97.000000,6.857577000000e-18
97.100000,7.212568000000e-18
97.200000,7.821302333333e-18
97.300000,7.505918666667e-18
97.400000,6.827272000000e-18
97.500000,6.259701333333e-18
97.600000,5.682400000000e-18
97.700000,5.637266000000e-18
97.800000,6.349321666667e-18
97.900000,6.692150333333e-18
98.000000,6.314684000000e-18
98.100000,5.994316666667e-18
98.200000,5.674614000000e-18
98.300000,4.780946333333e-18
98.400000,4.001122000000e-18
98.500000,3.934038000000e-18
98.600000,4.085991666667e-18
98.700000,4.162713000000e-18
98.800000,4.277552666667e-18
98.900000,3.925246000000e-18
99.000000,3.160736000000e-18
99.100000,2.786881333333e-18
99.200000,2.811922333333e-18
99.300000,2.591904333333e-18
99.400000,2.293176333333e-18
99.500000,2.143947666667e-18
99.600000,1.937764666667e-18
99.700000,1.633807533333e-18
99.800000,1.478152433333e-18
99.900000,1.399573533333e-18
100.000000,1.368949200000e-18
100.100000,1.434019833333e-18
100.200000,1.554499333333e-18
100.300000,1.520756500000e-18
100.400000,1.378619066667e-18
100.500000,1.250122866667e-18
100.600000,1.159503566667e-18
100.700000,9.916956666667e-19
100.800000,8.873139666667e-19
100.900000,9.628528000000e-19
101.000000,1.207478566667e-18
101.100000,1.445283966667e-18
101.200000,1.614805933333e-18
101.300000,1.700554700000e-18
101.400000,1.736130366667e-18
101.500000,1.580224400000e-18
101.600000,1.358226866667e-18
101.700000,1.274853133333e-18
101.800000,1.296856266667e-18
101.900000,1.324579433333e-18
102.000000,1.541394833333e-18
102.100000,1.711125233333e-18
102.200000,1.699177233333e-18
102.300000,1.869492766667e-18
102.400000,2.213429433333e-18
102.500000,2.095791666667e-18
102.600000,1.740167533333e-18
102.700000,1.645369166667e-18
102.800000,1.645775966667e-18
102.900000,1.590536366667e-18
103.000000,1.815628766667e-18
103.100000,2.046121600000e-18
103.200000,2.055031133333e-18
103.300000,2.243212133333e-18
103.400000,2.627599600000e-18
103.500000,2.461565400000e-18
103.600000,2.001800033333e-18
103.700000,2.029352900000e-18
103.800000,2.313457700000e-18
103.900000,2.276032033333e-18
104.000000,2.325676433333e-18
104.100000,2.480855233333e-18
104.200000,2.419942300000e-18
104.300000,2.606431866667e-18
104.400000,3.225390000000e-18
104.500000,3.203803666667e-18
104.600000,2.644700866667e-18
104.700000,2.588938266667e-18
104.800000,2.761428333333e-18
104.900000,2.506788300000e-18
105.000000,2.523687166667e-18
105.100000,2.908121900000e-18
105.200000,3.086662533333e-18
105.300000,3.297162900000e-18
105.400000,3.662035033333e-18
105.500000,3.269295666667e-18
105.600000,2.464261400000e-18
105.700000,2.438768000000e-18
105.800000,2.955751900000e-18
105.900000,3.063992266667e-18
106.000000,3.134332866667e-18
106.100000,3.360175766667e-18
106.200000,3.243558766667e-18
106.300000,2.992014033333e-18
106.400000,3.137619800000e-18
106.500000,3.050171533333e-18
106.600000,2.756062566667e-18
106.700000,3.142795800000e-18
106.800000,3.773422766667e-18
106.900000,3.488689823333e-18
107.000000,2.935239910000e-18
107.100000,2.812457200000e-18
107.200000,2.774657873333e-18
107.300000,2.909419043333e-18
107.400000,3.475140996667e-18
107.500000,3.530042493333e-18
107.600000,2.975785966667e-18
107.700000,2.721546633333e-18
107.800000,2.693863260000e-18
107.900000,2.280472933333e-18
108.000000,2.108113233333e-18
108.100000,2.472295233333e-18
108.200000,2.797100666667e-18
108.300000,2.849714166667e-18
108.400000,2.831240833333e-18
108.500000,2.390698833333e-18
108.600000,1.761990166667e-18
108.700000,1.684046733333e-18
108.800000,2.099948200000e-18
108.900000,2.276874000000e-18
109.000000,2.384569666667e-18
109.100000,2.569586000000e-18
109.200000,2.489464333333e-18
109.300000,2.217190666667e-18
109.400000,2.214324000000e-18
109.500000,2.107946966667e-18
109.600000,1.934320200000e-18
109.700000,2.229474600000e-18
109.800000,2.688999133333e-18
109.900000,2.601542466667e-18
110.000000,2.453298433333e-18
110.100000,2.490253000000e-18
110.200000,2.441292333333e-18
110.300000,2.546065533333e-18
110.400000,2.982848333333e-18
110.500000,2.929628200000e-18
110.600000,2.535584733333e-18
110.700000,2.659632366667e-18
110.800000,3.058831666667e-18
110.900000,2.993016666667e-18
111.000000,2.988231666667e-18
111.100000,3.264935666667e-18
111.200000,3.352486333333e-18
111.300000,3.351648333333e-18
111.400000,3.612056000000e-18
111.500000,3.435909666667e-18
111.600000,2.973076666667e-18
111.700000,3.282978000000e-18
111.800000,4.061226666667e-18
111.900000,4.053322333333e-18
112.000000,3.826354000000e-18
112.100000,4.101364666667e-18
112.200000,4.272570000000e-18
112.300000,4.103870666667e-18
112.400000,4.220878000000e-18
112.500000,4.112888333333e-18
112.600000,3.657879666667e-18
112.700000,3.887863333333e-18
112.800000,4.666800666667e-18
112.900000,4.559918133333e-18
113.000000,4.136210533333e-18
113.100000,4.570974233333e-18
113.200000,5.115736000000e-18
113.300000,4.818418333333e-18
113.400000,4.506877033333e-18
113.500000,4.380415766667e-18
113.600000,4.029982633333e-18
113.700000,4.020880833333e-18
113.800000,4.622217000000e-18
113.900000,4.567791200000e-18
114.000000,4.090630766667e-18
114.100000,4.523507266667e-18
114.200000,5.245682200000e-18
114.300000,4.832231300000e-18
114.400000,4.201351966667e-18
114.500000,4.216270633333e-18
114.600000,4.180092566667e-18
114.700000,3.854915333333e-18
114.800000,3.874038666667e-18
114.900000,3.740197666667e-18
115.000000,3.362723266667e-18
115.100000,3.651641233333e-18
115.200000,4.391907000000e-18
115.300000,4.196409000000e-18
115.400000,3.594948333333e-18
115.500000,3.698411666667e-18
115.600000,3.875568333333e-18
115.700000,3.286830333333e-18
115.800000,2.817310333333e-18
115.900000,2.783689000000e-18
116.000000,2.725516000000e-18
116.100000,2.805323000000e-18
116.200000,3.187730333333e-18
116.300000,3.017385000000e-18
116.400000,2.514604333333e-18
116.500000,2.541466666667e-18
116.600000,2.772650000000e-18
116.700000,2.363955000000e-18
116.800000,1.892118666667e-18
116.900000,1.849181333333e-18
117.000000,1.849557833333e-18
117.100000,1.553900633333e-18
117.200000,1.377895233333e-18
117.300000,1.331441800000e-18
117.400000,1.291042400000e-18
117.500000,1.325906700000e-18
117.600000,1.508748866667e-18
117.700000,1.396565966667e-18
117.800000,1.121450300000e-18
117.900000,1.045704133333e-18
118.000000,1.052280800000e-18
118.100000,7.526181333333e-19
118.200000,5.321190666667e-19
118.300000,5.739535333333e-19
118.400000,6.960387000000e-19
118.500000,6.782433333333e-19
118.600000,6.468073666667e-19
118.700000,6.050678000000e-19
118.800000,6.322459600000e-19
118.900000,5.501156333333e-19
119.000000,4.588735733333e-19
119.100000,4.604359533333e-19
119.200000,4.818623600000e-19
119.300000,3.485251700000e-19
119.400000,3.434472766667e-19
119.500000,3.575047600000e-19
119.600000,3.480927933333e-19
119.700000,5.022306900000e-19
119.800000,7.868122966667e-19
119.900000,7.081212750000e-19
120.000000,5.679985633333e-19
120.100000,7.242628166667e-19
120.200000,9.764472133333e-19
120.300000,9.124822033333e-19
120.400000,8.086866566667e-19
120.500000,8.278471500000e-19
120.600000,8.806358333333e-19
120.700000,7.862139333333e-19
120.800000,8.109181133333e-19
120.900000,9.075486666667e-19
121.000000,9.969361333333e-19
121.100000,1.203301566667e-18
121.200000,1.595212733333e-18
121.300000,1.583429466667e-18
121.400000,1.351084566667e-18
121.500000,1.451261066667e-18
121.600000,1.678276866667e-18
121.700000,1.487955100000e-18
121.800000,1.439189000000e-18
121.900000,1.794810966667e-18
122.000000,2.154034566667e-18
122.100000,2.232857066667e-18
122.200000,2.273695333333e-18
122.300000,2.132112633333e-18
122.400000,1.901703633333e-18
122.500000,1.861485166667e-18
122.600000,2.067371166667e-18
122.700000,2.020930733333e-18
122.800000,1.898044400000e-18
122.900000,2.104221566667e-18
123.000000,2.405073000000e-18
123.100000,2.165452700000e-18
123.200000,1.896516833333e-18
123.300000,2.046593800000e-18
123.400000,2.282817266667e-18
123.500000,2.290263633333e-18
123.600000,2.418611100000e-18
123.700000,2.450547200000e-18
123.800000,2.298161900000e-18
123.900000,2.256710866667e-18
124.000000,2.400290266667e-18
124.100000,2.250903200000e-18
124.200000,2.131317333333e-18
124.300000,2.430706600000e-18
124.400000,2.803578366667e-18
124.500000,2.611570233333e-18
124.600000,2.293616166667e-18
124.700000,2.224418766667e-18
124.800000,2.189660133333e-18
124.900000,1.991814266667e-18
125.000000,2.042973400000e-18
125.100000,2.175974133333e-18
125.200000,2.246635966667e-18
125.300000,2.407389700000e-18
125.400000,2.609035300000e-18
125.500000,2.334754233333e-18
125.600000,1.973461666667e-18
125.700000,1.957964633333e-18
125.800000,2.061281966667e-18
125.900000,1.860761533333e-18
126.000000,1.722989933333e-18
126.100000,1.778533900000e-18
126.200000,1.852718000000e-18
126.300000,1.748957433333e-18
126.400000,1.729833600000e-18
126.500000,1.741514633333e-18
126.600000,1.736412266667e-18
126.700000,1.727111000000e-18
126.800000,1.790975866667e-18
126.900000,1.607695333333e-18
127.000000,1.374185566667e-18
127.100000,1.357224033333e-18
127.200000,1.471605610000e-18
127.300000,1.381776333333e-18
127.400000,1.387021966667e-18
127.500000,1.565356033333e-18
127.600000,1.736651860000e-18
127.700000,1.643854733333e-18
127.800000,1.525030666667e-18
127.900000,1.475033166667e-18
128.000000,1.481133326667e-18
128.100000,1.376299500000e-18
128.200000,1.358543033333e-18
128.300000,1.328265533333e-18
128.400000,1.269133333333e-18
128.500000,1.297429000000e-18
128.600000,1.480175966667e-18
128.700000,1.402620700000e-18
128.800000,1.316320433333e-18
128.900000,1.500193066667e-18
129.000000,1.720722066667e-18
129.100000,1.597841233333e-18
129.200000,1.499045666667e-18
129.300000,1.501606066667e-18
129.400000,1.509340100000e-18
129.500000,1.444909833333e-18
129.600000,1.528541800000e-18
129.700000,1.652640200000e-18
129.800000,1.785354366667e-18
129.900000,1.854117000000e-18
130.000000,1.915289666667e-18
130.100000,1.722988100000e-18
130.200000,1.488244200000e-18
130.300000,1.498076666667e-18
130.400000,1.659144000000e-18
130.500000,1.519587666667e-18
130.600000,1.428283000000e-18
130.700000,1.552313000000e-18
130.800000,1.659502000000e-18
130.900000,1.570150633333e-18
131.000000,1.583838033333e-18
131.100000,1.594144433333e-18
131.200000,1.637858333333e-18
131.300000,1.752421333333e-18
131.400000,1.954878666667e-18
131.500000,1.978536000000e-18
131.600000,1.961015100000e-18
131.700000,2.029011500000e-18
131.800000,2.199123333333e-18
131.900000,2.150855100000e-18
132.000000,2.159146433333e-18
132.100000,2.449719833333e-18
132.200000,2.739671666667e-18
132.300000,2.564254933333e-18
132.400000,2.363398733333e-18
132.500000,2.312815733333e-18
132.600000,2.271504700000e-18
132.700000,2.197056300000e-18
132.800000,2.338724266667e-18
132.900000,2.437124766667e-18
133.000000,2.537601300000e-18
133.100000,2.766838633333e-18
133.200000,3.024733333333e-18
133.300000,2.864787666667e-18
133.400000,2.656745333333e-18
133.500000,2.844373333333e-18
133.600000,3.221444666667e-18
133.700000,3.181797333333e-18
133.800000,3.188464500000e-18
133.900000,3.539422666667e-18
134.000000,3.746788000000e-18
134.100000,3.420446666667e-18
134.200000,3.188630000000e-18
134.300000,3.166631000000e-18
134.400000,3.209780333333e-18
134.500000,3.338927333333e-18
134.600000,3.646149666667e-18
134.700000,3.695954000000e-18
134.800000,3.624342333333e-18
134.900000,3.713891000000e-18
135.000000,3.832896333333e-18
135.100000,3.469061333333e-18
135.200000,3.190123333333e-18
135.300000,3.611101333333e-18
135.400000,4.258135666667e-18
135.500000,4.240321333333e-18
135.600000,4.185676333333e-18
135.700000,4.538595000000e-18
135.800000,4.659920333333e-18
135.900000,4.149594333333e-18
136.000000,3.839259000000e-18
136.100000,3.866421000000e-18
136.200000,3.979845333333e-18
136.300000,4.211560000000e-18
136.400000,4.653414666667e-18
136.500000,4.748239000000e-18
136.600000,4.672360000000e-18
136.700000,4.875711333333e-18
136.800000,5.106203333333e-18
136.900000,4.643955333333e-18
137.000000,4.257336333333e-18
137.100000,4.741989666667e-18
137.200000,5.364757666667e-18
137.300000,5.113031333333e-18
137.400000,4.906590666667e-18
137.500000,5.306187333333e-18
137.600000,5.505879666667e-18
137.700000,5.049062666667e-18
137.800000,4.809264000000e-18
137.900000,4.862672000000e-18
138.000000,4.893246666667e-18
138.100000,4.966190333333e-18
138.200000,5.237568666667e-18
138.300000,5.188807333333e-18
138.400000,5.052294666667e-18
138.500000,5.295432333333e-18
138.600000,5.584747333333e-18
138.700000,5.122294666667e-18
138.800000,4.675906666667e-18
138.900000,5.032691000000e-18
139.000000,5.454556666667e-18
139.100000,4.976625333333e-18
139.200000,4.640481000000e-18
139.300000,5.127486000000e-18
139.400000,5.506584000000e-18
139.500000,5.051611666667e-18
139.600000,4.740890666667e-18
139.700000,4.865933666667e-18
139.800000,4.845631000000e-18
139.900000,4.546560333333e-18
140.000000,4.516719666667e-18
140.100000,4.481259333333e-18
140.200000,4.446149666667e-18
140.300000,4.777886666667e-18
140.400000,5.226442333333e-18
140.500000,4.919837666667e-18
140.600000,4.505472666667e-18
140.700000,4.744165333333e-18
140.800000,4.932018000000e-18
140.900000,4.178932333333e-18
141.000000,3.630991333333e-18
141.100000,4.053592000000e-18
141.200000,4.475582000000e-18
141.300000,4.037611333333e-18
141.400000,3.781715666667e-18
141.500000,4.127213333333e-18
141.600000,4.266493666667e-18
141.700000,3.820498333333e-18
141.800000,3.608413000000e-18
141.900000,3.638302000000e-18
142.000000,3.647073000000e-18
142.100000,3.736822666667e-18
142.200000,3.973107666667e-18
142.300000,3.771467000000e-18
142.400000,3.461296333333e-18
142.500000,3.535323666667e-18
142.600000,3.616358333333e-18
142.700000,3.013553666667e-18
142.800000,2.582397333333e-18
142.900000,2.994267000000e-18
143.000000,3.464894333333e-18
143.100000,3.084697333333e-18
143.200000,2.844822666667e-18
143.300000,3.316317666667e-18
143.400000,3.578884666667e-18
143.500000,3.002397666667e-18
143.600000,2.658160666667e-18
143.700000,2.878592000000e-18
143.800000,3.027146666667e-18
143.900000,2.803291000000e-18
144.000000,2.749295666667e-18
144.100000,2.737088000000e-18
144.200000,2.593642000000e-18
144.300000,2.426739666667e-18
144.400000,2.399484666667e-18
144.500000,2.106996333333e-18
144.600000,1.915673000000e-18
144.700000,2.299358333333e-18
144.800000,2.789021333333e-18
144.900000,2.514828000000e-18
145.000000,2.260796333333e-18
145.100000,2.608851666667e-18
145.200000,2.736251000000e-18
145.300000,1.979309333333e-18
145.400000,1.474169000000e-18
145.500000,1.722944333333e-18
145.600000,1.951243000000e-18
145.700000,1.596242666667e-18
145.800000,1.487919133333e-18
145.900000,1.855882266667e-18
146.000000,2.068789500000e-18
146.100000,1.759408466667e-18
146.200000,1.590262600000e-18
146.300000,1.588737466667e-18
146.400000,1.558640066667e-18
146.500000,1.567231133333e-18
146.600000,1.759095666667e-18
146.700000,1.698633166667e-18
146.800000,1.580971733333e-18
146.900000,1.595079033333e-18
147.000000,1.536405333333e-18
147.100000,1.076124633333e-18
147.200000,7.631377666667e-19
147.300000,8.806580333333e-19
147.400000,1.103238600000e-18
147.500000,8.979158000000e-19
147.600000,8.889303333333e-19
147.700000,1.482113666667e-18
147.800000,1.965360800000e-18
147.900000,1.585793933333e-18
148.000000,1.277635600000e-18
148.100000,1.500007866667e-18
148.200000,1.575402633333e-18
148.300000,1.121156900000e-18
148.400000,9.720797000000e-19
148.500000,1.228784233333e-18
148.600000,1.380937766667e-18
148.700000,1.146318166667e-18
148.800000,1.050719866667e-18
148.900000,1.123478000000e-18
149.000000,1.132264200000e-18
149.100000,9.741580333333e-19
149.200000,9.756708666667e-19
149.300000,9.523136000000e-19
149.400000,1.004675300000e-18
149.500000,1.256454233333e-18
149.600000,1.526785766667e-18
149.700000,1.365014733333e-18
149.800000,1.192465266667e-18
149.900000,1.187148133333e-18
150.000000,1.115949166667e-18
150.100000,7.401828333333e-19
150.200000,5.580023000000e-19
150.300000,7.178869000000e-19
150.400000,9.370346666667e-19
150.500000,7.812254000000e-19
150.600000,7.720717000000e-19
150.700000,1.171794866667e-18
150.800000,1.459910866667e-18
150.900000,1.120717400000e-18
151.000000,9.310049666667e-19
151.100000,1.191671833333e-18
151.200000,1.374585333333e-18
151.300000,1.100506866667e-18
151.400000,1.058064466667e-18
151.500000,1.380775300000e-18
151.600000,1.577034233333e-18
151.700000,1.298507433333e-18
151.800000,1.155131733333e-18
151.900000,1.237661600000e-18
152.000000,1.227505466667e-18
152.100000,9.989728666667e-19
152.200000,9.784525666667e-19
152.300000,1.024523833333e-18
152.400000,1.104584900000e-18
152.500000,1.223571800000e-18
152.600000,1.401426800000e-18
152.700000,1.381414066667e-18
152.800000,1.396937533333e-18
152.900000,1.478203100000e-18
153.000000,1.536610300000e-18
153.100000,1.344236400000e-18
153.200000,1.245529966667e-18
153.300000,1.361458800000e-18
153.400000,1.497301533333e-18
153.500000,1.281838200000e-18
153.600000,1.200634733333e-18
153.700000,1.472968700000e-18
153.800000,1.691441233333e-18
153.900000,1.403981100000e-18
154.000000,1.315843166667e-18
154.100000,1.727787566667e-18
154.200000,2.035359166667e-18
154.300000,1.701238533333e-18
154.400000,1.598919766667e-18
154.500000,2.059932333333e-18
154.600000,2.335352500000e-18
154.700000,1.944990333333e-18
154.800000,1.822249000000e-18
154.900000,2.140619666667e-18
155.000000,2.220180300000e-18
155.100000,1.778456500000e-18
155.200000,1.558363766667e-18
155.300000,1.606164500000e-18
155.400000,1.599436700000e-18
155.500000,1.426532033333e-18
155.600000,1.496651333333e-18
155.700000,1.687103133333e-18
155.800000,1.932195533333e-18
155.900000,2.186590600000e-18
156.000000,2.502140766667e-18
156.100000,2.585358100000e-18
156.200000,2.573115733333e-18
156.300000,2.483734700000e-18
156.400000,2.300158366667e-18
156.500000,1.885261933333e-18
156.600000,1.652103333333e-18
156.700000,1.756970066667e-18
156.800000,1.990347166667e-18
156.900000,1.890796000000e-18
157.000000,2.007097666667e-18
157.100000,2.675575700000e-18
157.200000,3.198959900000e-18
157.300000,2.864516533333e-18
157.400000,2.706191666667e-18
157.500000,3.158091333333e-18
157.600000,3.280873800000e-18
157.700000,2.627867266667e-18
157.800000,2.437990666667e-18
157.900000,2.946212833333e-18
158.000000,3.174946900000e-18
158.100000,2.640446900000e-18
158.200000,2.359996033333e-18
158.300000,2.583373400000e-18
158.400000,2.575700266667e-18
158.500000,2.006751100000e-18
158.600000,1.842530166667e-18
158.700000,2.225152300000e-18
158.800000,2.557997800000e-18
158.900000,2.586640966667e-18
159.000000,2.905545600000e-18
159.100000,3.408447766667e-18
159.200000,3.639940900000e-18
159.300000,3.364554433333e-18
159.400000,3.117477400000e-18
159.500000,2.956178766667e-18
159.600000,2.753648333333e-18
159.700000,2.537218300000e-18
159.800000,2.613753800000e-18
159.900000,2.662626233333e-18
160.000000,2.828299200000e-18
160.100000,3.279059433333e-18
160.200000,3.638355866667e-18
160.300000,3.370303400000e-18
160.400000,3.215393500000e-18
160.500000,3.481443500000e-18
160.600000,3.537925100000e-18
160.700000,2.982477666667e-18
160.800000,2.808583966667e-18
160.900000,3.281648200000e-18
161.000000,3.516968600000e-18
161.100000,2.968553300000e-18
161.200000,2.742017033333e-18
161.300000,3.138322500000e-18
161.400000,3.206628400000e-18
161.500000,2.537477200000e-18
161.600000,2.372509866667e-18
161.700000,3.003078966667e-18
161.800000,3.441079133333e-18
161.900000,3.126565400000e-18
162.000000,3.208946166667e-18
162.100000,3.974473366667e-18
162.200000,4.248221100000e-18
162.300000,3.496341633333e-18
162.400000,3.156231300000e-18
162.500000,3.510145300000e-18
162.600000,3.541906866667e-18
162.700000,3.060520800000e-18
162.800000,3.119254533333e-18
162.900000,3.619132000000e-18
163.000000,3.878204466667e-18
163.100000,3.638849200000e-18
163.200000,3.539956600000e-18
163.300000,3.652980900000e-18
163.400000,3.575242966667e-18
163.500000,3.141273633333e-18
163.600000,3.043161866667e-18
163.700000,3.213842066667e-18
163.800000,3.393983333333e-18
163.900000,3.595698800000e-18
164.000000,3.881143300000e-18
164.100000,3.815060066667e-18
164.200000,3.656978400000e-18
164.300000,3.517770233333e-18
164.400000,3.258225200000e-18
164.500000,2.769479866667e-18
164.600000,2.592954900000e-18
164.700000,2.838225566667e-18
164.800000,3.188565900000e-18
164.900000,3.196382966667e-18
165.000000,3.504220166667e-18
165.100000,4.302099400000e-18
165.200000,4.651836133333e-18
165.300000,3.989110066667e-18
165.400000,3.558850000000e-18
165.500000,3.689206300000e-18
165.600000,3.514148300000e-18
165.700000,2.777188800000e-18
165.800000,2.653541166667e-18
165.900000,3.341746366667e-18
166.000000,3.779988600000e-18
166.100000,3.334659966667e-18
166.200000,3.368326866667e-18
166.300000,4.219695266667e-18
166.400000,4.371369600000e-18
166.500000,3.358090366667e-18
166.600000,3.006920300000e-18
166.700000,3.542066400000e-18
166.800000,3.691763566667e-18
166.900000,3.190080166667e-18
167.000000,3.192738533333e-18
167.100000,3.706441566667e-18
167.200000,3.776236666667e-18
167.300000,3.024422566667e-18
167.400000,2.732800033333e-18
167.500000,3.188574933333e-18
167.600000,3.272557700000e-18
167.700000,2.694426533333e-18
167.800000,2.875226133333e-18
167.900000,3.846133100000e-18
168.000000,4.484292033333e-18
168.100000,4.372466900000e-18
168.200000,4.404041733333e-18
168.300000,4.606942066667e-18
168.400000,4.218033466667e-18
168.500000,3.100729833333e-18
168.600000,2.475351000000e-18
168.700000,2.408403100000e-18
168.800000,2.268981066667e-18
168.900000,2.176231166667e-18
169.000000,2.662698700000e-18
169.100000,3.259569700000e-18
169.200000,3.874389066667e-18
169.300000,4.345211666667e-18
169.400000,4.442144933333e-18
169.500000,4.141097633333e-18
169.600000,3.749261633333e-18
169.700000,3.176953166667e-18
169.800000,2.841712433333e-18
169.900000,2.758989166667e-18
170.000000,2.848620900000e-18
170.100000,3.181018000000e-18
170.200000,3.661265033333e-18
170.300000,3.696918366667e-18
170.400000,3.787915833333e-18
170.500000,4.056936300000e-18
170.600000,3.833519666667e-18
170.700000,2.960772400000e-18
170.800000,2.469748833333e-18
170.900000,2.501712733333e-18
171.000000,2.512023066667e-18
171.100000,2.216524000000e-18
171.200000,2.560959633333e-18
171.300000,3.683354333333e-18
171.400000,4.337521033333e-18
171.500000,3.929220133333e-18
171.600000,3.858126833333e-18
171.700000,4.199098566667e-18
171.800000,3.866403166667e-18
171.900000,2.884369466667e-18
172.000000,2.509261033333e-18
172.100000,2.807900866667e-18
172.200000,2.970019900000e-18
172.300000,2.542586900000e-18
172.400000,2.810804000000e-18
172.500000,4.083965500000e-18
172.600000,4.542553566667e-18
172.700000,3.491847100000e-18
172.800000,3.093878100000e-18
172.900000,3.537403033333e-18
173.000000,3.121749633333e-18
173.100000,1.923810500000e-18
173.200000,1.706766766667e-18
173.300000,2.395050733333e-18
173.400000,2.741697433333e-18
173.500000,2.357247600000e-18
173.600000,2.735806933333e-18
173.700000,4.104262533333e-18
173.800000,4.590565633333e-18
173.900000,3.600579166667e-18
174.000000,3.353070466667e-18
174.100000,4.024884700000e-18
174.200000,3.714502033333e-18
174.300000,2.340039566667e-18
174.400000,1.977859666667e-18
174.500000,2.683400266667e-18
174.600000,2.774927033333e-18
174.700000,1.913248200000e-18
174.800000,2.042392400000e-18
174.900000,3.241178100000e-18
175.000000,3.558879136667e-18
175.100000,2.743054833333e-18
175.200000,2.811659433333e-18
175.300000,3.665803073333e-18
175.400000,3.672930793333e-18
175.500000,2.667305666667e-18
175.600000,2.435844800000e-18
175.700000,3.241206100000e-18
175.800000,3.373908933333e-18
175.900000,2.286046566667e-18
176.000000,2.313355933333e-18
176.100000,3.680115700000e-18
176.200000,3.917056066667e-18
176.300000,2.835123066667e-18
176.400000,2.972812233333e-18
176.500000,4.015473533333e-18
176.600000,3.932973300000e-18
176.700000,2.810171766667e-18
176.800000,2.421863133333e-18
176.900000,2.673655100000e-18
177.000000,2.376143086667e-18
177.100000,1.430557466667e-18
177.200000,1.354270400000e-18
177.300000,2.341850823333e-18
177.400000,2.937645940000e-18
177.500000,2.543495133333e-18
177.600000,3.271083466667e-18
177.700000,5.588127213333e-18
177.800000,6.364379566667e-18
177.900000,4.572452000000e-18
178.000000,4.188538766667e-18
178.100000,5.449142526667e-18
178.200000,4.427367106667e-18
178.300000,1.959567333333e-18
178.400000,1.521021133333e-18
178.500000,1.723925800000e-18
178.600000,1.570790166667e-18
178.700000,2.100532933333e-18
178.800000,2.531661933333e-18
178.900000,2.894136786667e-18
179.000000,3.944089086667e-18
179.100000,3.631042500000e-18
179.200000,3.820693233333e-18
179.300000,7.367586133333e-18
179.400000,8.108061933333e-18
179.500000,3.578803366667e-18
179.600000,4.414595800000e-18
179.700000,1.304799866667e-17
179.800000,1.611637266667e-17
179.900000,1.125244800000e-17
180.000000,2.027046600000e-17
