# O(3P)+CO2(000; j=0) -> O(3P)+CO2(000; j') scattering, statistically averaged (3A2+3B2+3B1) potential energy surfaces
# Differential cross sections; packaged by M. Gacesa (marko.gacesa@nasa.gov), Apr 30 2019
# E = 1.64155 eV
# theta(deg)     elastic DCS (cm^2)
0.0,2.9594e-10
0.1,2.194859e-10
0.2,9.145976666666666e-11
0.30000000000000004,2.5773189999999995e-11
0.4,8.426147333333333e-12
0.5,5.113687033333332e-12
0.6000000000000001,4.4282639666666665e-12
0.6999999999999998,2.6130776666666665e-12
0.8,1.2087632666666665e-12
0.9,1.1518036666666666e-12
1.0,1.1575399999999997e-12
1.0999999999999999,8.501159333333333e-13
1.2000000000000002,4.762325999999999e-13
1.2999999999999998,2.614041e-13
1.3999999999999997,3.1062842999999995e-13
1.5,3.2309603333333327e-13
1.6,1.9948292666666667e-13
1.7,1.0847495333333334e-13
1.8,9.223588999999999e-14
1.9,1.1140820666666664e-13
2.0,1.046596e-13
2.1,5.147537666666667e-14
2.1999999999999997,2.0540183166666662e-14
2.2999999999999994,3.0779759999999995e-14
2.4000000000000004,4.227821e-14
2.5000000000000004,3.646130666666666e-14
2.5999999999999996,1.7219323666666664e-14
2.6999999999999997,5.600841333333333e-15
2.7999999999999994,1.1238052999999998e-14
2.9,1.6078283333333333e-14
3.0,1.2621810666666665e-14
3.1,7.052300333333332e-15
3.2,3.892348333333334e-15
3.3,6.043878666666666e-15
3.4,8.158527999999998e-15
3.5,5.9349609999999995e-15
3.6,4.194526e-15
3.7000000000000006,3.956284333333333e-15
3.8,4.0882781e-15
3.9,5.095028666666667e-15
4.0,4.640364666666666e-15
4.1,3.5252206666666667e-15
4.2,3.7873140000000005e-15
4.300000000000001,3.3716096666666663e-15
4.3999999999999995,2.7925395999999995e-15
4.5,3.2516511666666667e-15
4.599999999999999,3.139528e-15
4.7,3.01594e-15
4.800000000000001,2.924525333333333e-15
4.9,1.9408390999999996e-15
5.000000000000001,1.7695770333333331e-15
5.1,2.4035810666666668e-15
5.199999999999999,2.4704396666666667e-15
5.299999999999999,2.5311546666666663e-15
5.3999999999999995,2.105036e-15
5.5,1.3347145666666666e-15
5.599999999999999,1.5615453666666666e-15
5.699999999999999,1.8699639999999998e-15
5.8,1.7730763333333332e-15
5.8999999999999995,1.8783679999999998e-15
6.0,1.505868e-15
6.099999999999999,1.1567712666666665e-15
6.2,1.3997226666666664e-15
6.3,1.2938295333333332e-15
6.4,1.1544562e-15
6.5,1.283197e-15
6.6,1.0440666666666667e-15
6.700000000000001,1.0250060999999998e-15
6.8,1.173555333333333e-15
6.900000000000001,8.763259666666666e-16
7.0,7.704714666666666e-16
7.099999999999999,8.133415666666666e-16
7.2,6.225233666666666e-16
7.299999999999999,7.203657333333333e-16
7.400000000000001,7.646632666666666e-16
7.500000000000001,5.003302e-16
7.6,4.486307666666667e-16
7.700000000000001,4.0742409999999997e-16
7.8,3.334258666666667e-16
7.900000000000001,5.207255e-16
8.0,5.400485e-16
8.1,4.183129e-16
8.2,4.076076666666666e-16
8.3,3.118091666666667e-16
8.4,3.5322103333333334e-16
8.5,5.729515999999999e-16
8.600000000000001,5.641028333333333e-16
8.7,5.082148666666667e-16
8.799999999999999,4.604168666666666e-16
8.900000000000002,3.1977953333333336e-16
9.0,3.889188e-16
9.1,5.465258666666666e-16
9.199999999999998,5.158926333333332e-16
9.3,4.976389666666666e-16
9.4,4.190197666666666e-16
9.5,2.903095666666666e-16
9.600000000000001,3.6810246666666667e-16
9.699999999999998,4.620670666666666e-16
9.8,4.481292333333332e-16
9.9,4.733941666666666e-16
10.000000000000002,3.977265333333333e-16
10.099999999999998,3.003757333333333e-16
10.2,3.5557739999999993e-16
10.300000000000002,3.815011666666666e-16
10.399999999999999,3.532280333333333e-16
10.499999999999998,3.6142253333333333e-16
10.599999999999998,2.932713666666667e-16
10.7,2.457104e-16
10.799999999999999,2.854653e-16
10.899999999999999,2.7690736666666664e-16
11.0,2.437828e-16
11.1,2.2491496666666665e-16
11.199999999999998,1.7128963333333332e-16
11.3,1.758940133333333e-16
11.399999999999999,2.1829615333333335e-16
11.5,2.1084225333333331e-16
11.6,1.9552039333333333e-16
11.700000000000001,1.7284836666666665e-16
11.799999999999999,1.315045e-16
11.9,1.5075679666666666e-16
12.0,1.8310626666666668e-16
12.100000000000001,1.7869002333333333e-16
12.199999999999998,1.718724e-16
12.3,1.5185673333333335e-16
12.4,1.2499074666666664e-16
12.5,1.459815666666667e-16
12.6,1.704276e-16
12.7,1.7256743333333334e-16
12.8,1.7300379999999998e-16
12.9,1.6498926666666667e-16
13.0,1.578813933333333e-16
13.1,1.8275013333333335e-16
13.2,2.0221619999999998e-16
13.3,1.9890456666666667e-16
13.400000000000002,1.9176819999999996e-16
13.5,1.8495720000000001e-16
13.6,1.7753766666666666e-16
13.700000000000001,1.9056479999999998e-16
13.800000000000002,2.0117199999999996e-16
13.900000000000002,1.8766109999999998e-16
14.0,1.6714876666666666e-16
14.100000000000001,1.5345446666666664e-16
14.199999999999998,1.3517096666666665e-16
14.300000000000002,1.31954e-16
14.4,1.3649263333333333e-16
14.500000000000002,1.244319833333333e-16
14.599999999999998,1.0692197666666665e-16
14.699999999999996,9.762581333333333e-17
14.800000000000002,8.282808333333333e-17
14.900000000000002,8.001919333333332e-17
15.000000000000002,8.292202e-17
15.099999999999996,7.435858333333333e-17
15.2,6.663565666666667e-17
15.300000000000002,6.478823333333332e-17
15.400000000000002,6.023438666666666e-17
15.499999999999996,6.828552999999999e-17
15.6,6.972593e-17
15.699999999999998,5.989779666666665e-17
15.800000000000002,5.954002333333332e-17
15.899999999999997,6.200451333333334e-17
16.0,6.715294666666667e-17
16.099999999999998,8.886672333333332e-17
16.2,9.052848333333332e-17
16.300000000000004,7.887841666666666e-17
16.4,8.177100666666665e-17
16.499999999999996,8.236160666666666e-17
16.6,9.12509e-17
16.7,1.2160183333333334e-16
16.8,1.2298589999999998e-16
16.9,1.1069253666666665e-16
17.0,1.1349909666666665e-16
17.099999999999998,1.0609766666666664e-16
17.200000000000003,1.0804846333333331e-16
17.3,1.3174719999999998e-16
17.4,1.2205770999999997e-16
17.5,1.0264368999999998e-16
17.599999999999998,1.0149913666666666e-16
17.7,8.978007666666665e-17
17.800000000000004,8.878401333333332e-17
17.9,1.0586416999999998e-16
18.0,8.887201e-17
18.1,6.486221999999999e-17
18.2,5.763708666666666e-17
18.3,4.4386913333333333e-17
18.399999999999995,4.5749623333333325e-17
18.5,6.175492666666666e-17
18.6,5.147514666666667e-17
18.7,3.866428666666666e-17
18.8,3.2422593333333333e-17
18.9,2.0851557999999997e-17
19.0,2.6425106666666665e-17
19.099999999999998,4.0538229999999994e-17
19.200000000000003,3.798726333333333e-17
19.3,3.998924333333333e-17
19.399999999999995,3.681000666666666e-17
19.5,2.692787999999999e-17
19.6,3.696788333333334e-17
19.7,4.8781486666666665e-17
19.8,4.8767143333333325e-17
19.9,5.858412333333333e-17
20.000000000000004,5.633264e-17
20.1,4.791820666666666e-17
20.199999999999996,6.119798e-17
20.3,7.016246333333332e-17
20.4,6.725893999999999e-17
20.5,7.366013999999998e-17
20.600000000000005,6.416984333333333e-17
20.7,5.2272383333333326e-17
20.799999999999997,6.536645999999999e-17
20.900000000000002,7.434913333333333e-17
20.999999999999996,7.432276e-17
21.1,8.039276e-17
21.199999999999996,6.459480666666666e-17
21.3,4.509312666666666e-17
21.4,4.950331e-17
21.5,5.2826499999999995e-17
21.599999999999998,5.3507763333333335e-17
21.7,6.144145333333332e-17
21.799999999999997,4.932857e-17
21.9,3.330415333333333e-17
22.0,3.4139553333333326e-17
22.1,3.256487333333333e-17
22.2,3.0238846666666664e-17
22.3,3.374181333333333e-17
22.399999999999995,2.4601763333333332e-17
22.5,1.8068673333333332e-17
22.6,2.2277793333333335e-17
22.7,2.283189e-17
22.799999999999997,2.553555333333333e-17
22.899999999999995,2.928158666666666e-17
23.0,2.112510633333333e-17
23.100000000000005,2.006701333333333e-17
23.2,2.6169519999999996e-17
23.3,2.883724666666667e-17
23.400000000000002,3.8873669999999996e-17
23.5,4.6832783333333326e-17
23.599999999999998,3.7260399999999996e-17
23.699999999999996,3.2747649999999994e-17
23.8,3.4230569999999993e-17
23.899999999999995,3.442316333333333e-17
24.0,4.643367666666667e-17
24.099999999999994,5.808137e-17
24.200000000000003,5.0680459999999996e-17
24.3,4.414324333333333e-17
24.399999999999995,4.059006999999999e-17
24.500000000000004,3.5189293333333323e-17
24.6,4.102812e-17
24.699999999999996,4.915546666666667e-17
24.8,4.3253149999999994e-17
24.9,3.9104389999999995e-17
25.0,3.831242666666667e-17
25.099999999999998,3.580668666666667e-17
25.2,3.993061333333333e-17
25.300000000000004,4.3845093333333336e-17
25.4,3.497348999999999e-17
25.499999999999996,2.6860499999999997e-17
25.6,2.4870382999999997e-17
25.7,2.619642333333333e-17
25.8,3.2181419999999997e-17
25.9,3.656664666666667e-17
26.0,3.0424393333333334e-17
26.099999999999998,2.16766e-17
26.2,1.6688626666666664e-17
26.299999999999997,1.8223843333333335e-17
26.4,2.3865711666666665e-17
26.499999999999996,2.7674086666666663e-17
26.6,2.607356666666667e-17
26.7,2.1211630000000003e-17
26.800000000000004,1.4613326666666664e-17
26.899999999999995,1.4693900999999996e-17
27.0,2.1175669e-17
27.1,2.6191481333333332e-17
27.2,2.763825633333333e-17
27.299999999999997,2.5765176666666667e-17
27.400000000000002,1.77083e-17
27.5,1.4378596666666666e-17
27.600000000000005,2.067705e-17
27.7,2.7543826666666665e-17
27.800000000000004,2.9978543333333327e-17
27.900000000000002,2.8719510000000003e-17
28.0,2.028169333333333e-17
28.099999999999998,1.4548245333333335e-17
28.200000000000003,2.02415e-17
28.3,2.9836276666666667e-17
28.399999999999995,3.447623333333333e-17
28.5,3.446594333333333e-17
28.600000000000005,2.6947963333333336e-17
28.700000000000003,1.8696178e-17
28.8,2.0413674000000004e-17
28.899999999999995,2.887441e-17
29.000000000000004,3.346321e-17
29.1,3.4360463333333335e-17
29.199999999999996,3.0457393333333334e-17
29.299999999999997,2.393286233333333e-17
29.39999999999999,2.3652569e-17
29.499999999999996,3.018096e-17
29.600000000000005,3.229165666666667e-17
29.699999999999996,2.992519e-17
29.800000000000004,2.56138e-17
29.9,1.9465909999999996e-17
30.000000000000004,1.7763671666666663e-17
30.099999999999998,2.4700129999999998e-17
30.199999999999992,2.9471963333333326e-17
30.299999999999997,2.866165333333333e-17
30.4,2.4839391333333333e-17
30.5,1.7123461e-17
30.600000000000005,1.0385476999999998e-17
30.700000000000006,1.3224633333333335e-17
30.800000000000004,1.9043186666666666e-17
30.9,2.2347366333333333e-17
30.999999999999993,2.2521053666666662e-17
31.099999999999998,1.6663923666666664e-17
31.2,7.981858e-18
31.3,6.478496333333333e-18
31.399999999999995,9.898176999999999e-18
31.5,1.4605774e-17
31.600000000000005,1.820049133333333e-17
31.7,1.594932866666667e-17
31.799999999999994,9.988584333333334e-18
31.900000000000002,8.552244666666665e-18
32.0,9.741224333333332e-18
32.1,1.323913233333333e-17
32.199999999999996,1.7997463333333334e-17
32.300000000000004,1.7927359999999997e-17
32.4,1.477657e-17
32.5,1.5626042e-17
32.60000000000001,1.6663842333333333e-17
32.70000000000001,1.9082309999999997e-17
32.8,2.3990246666666665e-17
32.9,2.3669589999999998e-17
32.99999999999999,1.8898e-17
33.1,1.8319642333333333e-17
33.2,1.8624522333333332e-17
33.300000000000004,2.1402376666666667e-17
33.4,2.879553333333333e-17
33.5,3.0826116666666663e-17
33.6,2.5056016666666663e-17
33.7,2.083328e-17
33.8,1.7051299666666665e-17
33.89999999999999,1.6698979999999998e-17
34.0,2.4014423333333333e-17
34.1,2.8846043333333334e-17
34.199999999999996,2.5179053333333334e-17
34.29999999999999,2.064835333333333e-17
34.400000000000006,1.501105633333333e-17
34.50000000000001,1.1488141333333332e-17
34.6,1.6002752666666666e-17
34.7,2.0716843666666665e-17
34.8,1.8237370999999995e-17
34.9,1.4276823333333333e-17
35.0,9.288792666666664e-18
35.099999999999994,5.6765013333333335e-18
35.199999999999996,8.543878999999999e-18
35.3,1.2816566333333331e-17
35.4,1.2130732999999999e-17
35.50000000000001,9.658028999999999e-18
35.60000000000001,5.507858333333333e-18
35.7,2.4568156666666664e-18
35.8,4.452875666666667e-18
35.89999999999999,8.168678666666666e-18
36.0,9.782242666666665e-18
36.1,1.0034602333333332e-17
36.2,6.552163666666666e-18
36.3,3.468729166666666e-18
36.4,5.389853666666666e-18
36.5,8.892146333333334e-18
36.6,1.1862403666666666e-17
36.70000000000001,1.456928e-17
36.79999999999999,1.1990303333333333e-17
36.89999999999999,8.829e-18
37.0,1.1522898666666665e-17
37.099999999999994,1.5615463333333332e-17
37.2,1.859939666666666e-17
37.300000000000004,2.1723646666666665e-17
37.4,1.879124e-17
37.49999999999999,1.3944449999999998e-17
37.6,1.5955393333333335e-17
37.7,2.057020333333333e-17
37.8,2.3793366666666662e-17
37.9,2.7693216666666664e-17
38.0,2.5552586666666667e-17
38.1,1.871006e-17
38.199999999999996,1.6723553333333332e-17
38.29999999999999,1.763186e-17
38.400000000000006,1.7593383333333334e-17
38.5,2.0496589999999998e-17
38.6,2.1098916666666668e-17
38.699999999999996,1.6863759999999996e-17
38.79999999999999,1.4363779999999998e-17
38.9,1.313142333333333e-17
39.0,1.0114693666666666e-17
39.099999999999994,1.0266006666666666e-17
39.2,1.1179197666666665e-17
39.3,9.272305e-18
39.4,8.021710999999999e-18
39.5,7.466869666666667e-18
39.6,5.205548e-18
39.7,5.148621666666666e-18
39.8,5.919576999999999e-18
39.89999999999999,4.822599666666667e-18
40.00000000000001,4.097229999999999e-18
40.10000000000001,3.934927333333333e-18
40.2,2.8653695999999997e-18
40.3,3.793859666666666e-18
40.39999999999999,4.85864e-18
40.5,4.203151666666666e-18
40.6,3.9537296666666666e-18
40.699999999999996,3.9501139999999996e-18
40.8,3.4497853333333326e-18
40.9,5.504953666666668e-18
41.0,7.514578666666665e-18
41.1,7.678349333333332e-18
41.20000000000001,8.552678333333333e-18
41.300000000000004,9.099747999999999e-18
41.4,8.110451e-18
41.49999999999999,1.0145527333333332e-17
41.599999999999994,1.3326911999999998e-17
41.7,1.477176e-17
41.800000000000004,1.6827169999999995e-17
41.9,1.791783e-17
41.99999999999999,1.528081e-17
42.1,1.4986593333333335e-17
42.2,1.795863e-17
42.3,2.0051879999999998e-17
42.39999999999999,2.1932973333333334e-17
42.5,2.2673726666666665e-17
42.6,1.8564646666666665e-17
42.7,1.5160249999999998e-17
42.8,1.6076380000000002e-17
42.900000000000006,1.76508e-17
43.0,1.8937929999999996e-17
43.099999999999994,1.988906666666667e-17
43.199999999999996,1.6604159999999998e-17
43.29999999999999,1.2171093666666667e-17
43.4,1.0834503333333332e-17
43.5,1.0719645999999999e-17
43.599999999999994,1.0746508e-17
43.7,1.1864467666666665e-17
43.8,1.0759462666666664e-17
43.9,8.004353333333333e-18
44.0,6.7319036666666665e-18
44.1,6.056556333333333e-18
44.2,4.816664e-18
44.3,4.869169333333333e-18
44.4,4.6224959999999995e-18
44.49999999999999,3.422719e-18
44.6,2.9490923333333335e-18
44.7,3.0524429666666665e-18
44.79999999999999,2.4216151e-18
44.89999999999999,2.3831079999999996e-18
45.0,2.3690033333333334e-18
45.10000000000001,1.7130029999999997e-18
45.2,1.3072506333333332e-18
45.3,1.9443368999999998e-18
45.4,2.9632993333333334e-18
45.5,4.559391666666666e-18
45.599999999999994,5.521678333333333e-18
45.70000000000001,5.299704666666666e-18
45.79999999999999,4.7526099999999994e-18
45.9,5.0159086666666664e-18
46.0,6.144551333333332e-18
46.099999999999994,8.726992666666666e-18
46.20000000000001,1.1359681333333332e-17
46.300000000000004,1.254173633333333e-17
46.4,1.2287710666666665e-17
46.49999999999999,1.1626357e-17
46.6,1.0933261999999999e-17
46.70000000000001,1.1940377999999998e-17
46.800000000000004,1.4643719999999998e-17
46.9,1.6888983333333333e-17
47.0,1.6965433333333328e-17
47.099999999999994,1.5619896666666665e-17
47.199999999999996,1.3397816666666668e-17
47.29999999999999,1.2016623333333332e-17
47.39999999999999,1.2835443333333332e-17
47.5,1.4903616666666665e-17
47.6,1.579447333333333e-17
47.699999999999996,1.5404993333333332e-17
47.79999999999999,1.3755706666666664e-17
47.900000000000006,1.1419384e-17
48.0,9.915461333333333e-18
48.099999999999994,1.0145837666666665e-17
48.19999999999999,1.0606125333333334e-17
48.3,1.09456e-17
48.400000000000006,1.0783111e-17
48.5,9.493852333333333e-18
48.6,7.643723e-18
48.7,6.791380666666666e-18
48.79999999999999,6.321045666666666e-18
48.89999999999999,6.193463666666666e-18
49.00000000000001,6.402796333333333e-18
49.1,5.9453856666666664e-18
49.2,4.418664e-18
49.3,3.400715333333333e-18
49.39999999999999,2.7650999999999996e-18
49.50000000000001,2.4125806666666664e-18
49.6,2.5514170000000003e-18
49.7,2.5223103333333332e-18
49.8,1.6518329999999998e-18
49.899999999999984,1.2245662999999998e-18
50.0,1.1362475666666664e-18
50.1,1.2200286333333332e-18
50.199999999999996,1.7406347e-18
50.300000000000004,2.1708980000000003e-18
50.4,1.883067e-18
50.49999999999999,2.1701513333333333e-18
50.60000000000001,2.7463853333333333e-18
50.7,3.463149e-18
50.8,4.982902e-18
50.9,6.237022333333334e-18
50.99999999999999,5.761378e-18
51.1,5.6027623333333334e-18
51.2,6.231790666666666e-18
51.3,6.970922666666666e-18
51.4,8.760828666666666e-18
51.50000000000001,1.080453533333333e-17
51.6,1.0359165e-17
51.7,9.502972666666666e-18
51.8,9.974467e-18
51.89999999999999,1.0182627333333333e-17
52.0,1.0505309666666665e-17
52.099999999999994,1.1923293333333332e-17
52.199999999999996,1.1711236999999999e-17
52.300000000000004,1.0569714999999999e-17
52.4,1.0805668666666668e-17
52.50000000000001,1.0679176333333331e-17
52.599999999999994,9.504693333333331e-18
52.7,9.924304333333333e-18
52.8,1.0479348333333332e-17
52.9,9.938706666666666e-18
52.99999999999999,9.917720333333333e-18
53.1,9.417021333333333e-18
53.2,7.057543666666666e-18
53.3,6.036190999999999e-18
53.4,6.6830773333333326e-18
53.49999999999999,6.8480623333333325e-18
53.60000000000001,6.937965999999999e-18
53.7,6.828361999999999e-18
53.79999999999999,4.8644133333333326e-18
53.89999999999999,3.3403526666666668e-18
54.0,3.568809666666667e-18
54.10000000000001,3.759828333333333e-18
54.2,3.635954333333333e-18
54.3,3.737285666666666e-18
54.4,2.694913666666667e-18
54.5,1.5976887666666666e-18
54.599999999999994,1.6806124999999998e-18
54.70000000000001,1.9466413333333335e-18
54.800000000000004,2.0904038e-18
54.9,2.6171902e-18
55.0,2.2507901666666666e-18
55.099999999999994,1.622724366666666e-18
55.20000000000001,1.799418e-18
55.300000000000004,2.126632333333333e-18
55.4,2.570741e-18
55.49999999999999,3.6392149999999995e-18
55.60000000000001,3.720999666666667e-18
55.7,3.3748219999999996e-18
55.800000000000004,4.008686666666666e-18
55.9,4.564266e-18
56.0,4.708782333333334e-18
56.1,5.8293396666666666e-18
56.199999999999996,6.400301333333333e-18
56.29999999999999,6.1617959999999995e-18
56.400000000000006,6.843055666666665e-18
56.5,7.301464666666665e-18
56.6,6.389263666666667e-18
56.699999999999996,6.758378999999999e-18
56.79999999999999,8.095474333333333e-18
56.900000000000006,8.562705999999999e-18
57.0,9.180150666666665e-18
57.099999999999994,9.630234e-18
57.20000000000001,8.058627666666666e-18
57.3,7.159997e-18
57.400000000000006,8.282331e-18
57.500000000000014,8.819218333333333e-18
57.6,8.576977666666666e-18
57.699999999999996,8.756406999999999e-18
57.79999999999999,7.775717e-18
57.899999999999984,6.8453066666666656e-18
58.00000000000001,7.963614666666666e-18
58.1,8.957448666666665e-18
58.2,8.353478e-18
58.3,8.015050333333332e-18
58.39999999999999,7.302149333333332e-18
58.5,5.830515666666667e-18
58.599999999999994,5.427677666666667e-18
58.69999999999999,5.790875666666667e-18
58.79999999999998,5.453791666666666e-18
58.9,5.7217439999999995e-18
58.99999999999999,6.322371333333332e-18
59.1,5.729801e-18
59.20000000000001,4.607211333333333e-18
59.300000000000004,3.881427e-18
59.39999999999999,3.0405229999999997e-18
59.499999999999986,2.935133666666666e-18
59.60000000000001,3.5200904666666665e-18
59.70000000000002,3.5453465e-18
59.8,3.02662738e-18
59.9,2.521420738333333e-18
60.00000000000001,1.6543285466666664e-18
60.1,1.4517301333333331e-18
60.199999999999996,2.2398092999999998e-18
60.29999999999999,2.9289107333333335e-18
60.399999999999984,3.3752293333333327e-18
60.5,3.7919106666666664e-18
60.599999999999994,3.217293333333333e-18
60.7,2.836717e-18
60.8,3.824783e-18
60.900000000000006,4.709273666666667e-18
61.0,4.760701666666667e-18
61.09999999999999,5.1419563333333334e-18
61.20000000000001,5.099295666666667e-18
61.300000000000004,4.759229666666666e-18
61.40000000000001,5.690061333333333e-18
61.50000000000001,6.984963333333333e-18
61.60000000000001,7.122428333333333e-18
61.7,7.676345666666666e-18
61.8,8.609729333333334e-18
61.89999999999999,8.362316333333333e-18
61.999999999999986,7.733081999999999e-18
62.1,7.586632666666666e-18
62.199999999999996,6.870689999999999e-18
62.29999999999999,6.7215786666666665e-18
62.4,8.000604666666667e-18
62.49999999999999,8.793636999999998e-18
62.6,8.503434333333334e-18
62.699999999999996,8.692231999999999e-18
62.79999999999999,8.800010333333333e-18
62.900000000000006,8.536292666666667e-18
63.0,8.804724e-18
63.10000000000001,8.748784e-18
63.20000000000001,7.338632666666667e-18
63.300000000000004,6.395503333333332e-18
63.4,6.541581333333332e-18
63.49999999999999,6.7285049999999984e-18
63.59999999999999,7.109760666666665e-18
63.70000000000001,7.903977e-18
63.800000000000004,7.856393e-18
63.89999999999999,7.274861666666666e-18
64.0,6.913943333333333e-18
64.1,6.130386666666666e-18
64.2,4.772261666666666e-18
64.3,4.140845666666666e-18
64.39999999999999,4.119572e-18
64.49999999999999,3.942344666666666e-18
64.60000000000001,3.595480333333333e-18
64.7,3.297033666666666e-18
64.8,2.8449e-18
64.9,2.620870333333333e-18
65.0,2.729332333333333e-18
65.1,2.804507333333333e-18
65.20000000000002,2.4481718333333333e-18
65.29999999999998,1.981613e-18
65.40000000000002,1.6835403666666668e-18
65.50000000000001,1.5170041666666664e-18
65.6,1.2865298999999998e-18
65.7,1.5081301066666665e-18
65.8,2.1662792e-18
65.89999999999999,2.5195663333333328e-18
65.99999999999999,2.336565533333333e-18
66.09999999999998,2.2746895999999997e-18
66.2,2.2822576666666665e-18
66.3,2.5421559999999998e-18
66.4,3.479799333333333e-18
66.5,4.474738333333333e-18
66.60000000000001,4.574797333333333e-18
66.7,4.550813333333332e-18
66.8,4.796586666666667e-18
66.9,4.683879333333333e-18
67.0,4.425716666666666e-18
67.1,4.838002999999999e-18
67.2,5.3828539999999994e-18
67.3,5.879409333333333e-18
67.4,6.663603999999999e-18
67.5,7.159576e-18
67.6,6.843948999999999e-18
67.69999999999999,6.837931666666666e-18
67.79999999999998,7.414323333333333e-18
67.90000000000002,7.656752e-18
68.0,7.447211999999999e-18
68.1,7.369594666666668e-18
68.2,7.141994333333332e-18
68.3,6.975968e-18
68.39999999999999,7.401790999999998e-18
68.49999999999999,7.966384e-18
68.59999999999998,7.947713e-18
68.7,7.920770333333334e-18
68.80000000000001,7.991011666666665e-18
68.90000000000002,7.447337333333332e-18
69.00000000000001,6.3841289999999995e-18
69.10000000000001,5.745909e-18
69.2,5.4524623333333336e-18
69.29999999999998,5.2923736666666666e-18
69.4,5.414044666666666e-18
69.5,5.453517999999999e-18
69.6,4.822047e-18
69.7,4.224340999999999e-18
69.8,4.050912333333333e-18
69.9,3.665854666666667e-18
70.0,2.9420836666666666e-18
70.1,2.5405716666666666e-18
70.19999999999999,2.217221e-18
70.3,1.811130333333333e-18
70.39999999999999,1.6753400000000002e-18
70.5,1.6853596666666664e-18
70.6,1.4455066666666666e-18
70.7,1.4146973333333332e-18
70.8,1.5564773333333333e-18
70.90000000000002,1.3982158e-18
71.00000000000001,1.0806210333333333e-18
71.09999999999998,9.725722666666665e-19
71.20000000000002,8.779620766666665e-19
71.30000000000001,1.0075909333333332e-18
71.4,1.3806359666666664e-18
71.5,1.5751995666666665e-18
71.6,1.5209750000000001e-18
71.69999999999999,1.4725782000000002e-18
71.79999999999998,1.2218382666666666e-18
71.9,1.1161112666666667e-18
72.0,1.4663304333333331e-18
72.1,1.7817639999999995e-18
72.2,1.8293503333333336e-18
72.30000000000001,2.0783373333333334e-18
72.4,2.257516e-18
72.5,2.375306633333333e-18
72.6,2.9089056333333334e-18
72.7,3.3634377333333333e-18
72.8,3.1106433333333327e-18
72.9,2.9819880666666664e-18
73.0,3.1080081e-18
73.1,2.9156156999999995e-18
73.2,2.9564894666666664e-18
73.3,3.669181166666666e-18
73.40000000000002,4.292076366666666e-18
73.49999999999999,5.1433235333333325e-18
73.59999999999998,6.435488666666667e-18
73.7,6.777435333333332e-18
73.79999999999998,5.878465333333333e-18
73.9,5.252827333333334e-18
74.0,5.006311e-18
74.1,4.9202366666666664e-18
74.19999999999999,5.667668333333332e-18
74.30000000000001,6.6392143333333336e-18
74.4,6.674675333333332e-18
74.50000000000001,6.751554999999999e-18
74.60000000000001,7.295210999999999e-18
74.7,7.15947e-18
74.8,6.632223666666666e-18
74.89999999999999,6.790291e-18
74.99999999999999,6.935367666666667e-18
75.09999999999998,6.8040006666666655e-18
75.2,6.906698999999999e-18
75.3,6.502748333333333e-18
75.4,5.253556999999999e-18
75.5,4.726335666666666e-18
75.6,5.179659333333334e-18
75.7,5.516617333333333e-18
75.8,5.735919333333334e-18
75.89999999999999,5.980041666666666e-18
76.0,5.520875666666666e-18
76.1,4.784474666666667e-18
76.2,4.4624308333333334e-18
76.3,4.0738031333333325e-18
76.39999999999999,3.547960066666667e-18
76.49999999999999,3.634555299999999e-18
76.59999999999998,3.90783591e-18
76.70000000000002,3.7797465199999994e-18
76.80000000000001,3.5252184e-18
76.90000000000002,3.1507440666666665e-18
77.0,2.496419e-18
77.1,2.260177966666666e-18
77.2,2.527856466666666e-18
77.3,2.6774329999999998e-18
77.39999999999999,2.6935386666666664e-18
77.49999999999999,2.7004406666666665e-18
77.59999999999998,2.3430102666666663e-18
77.7,2.004318833333333e-18
77.8,2.0406718666666663e-18
77.9,1.9657875e-18
78.0,1.6872346666666666e-18
78.1,1.667109333333333e-18
78.19999999999999,1.6040756666666665e-18
78.29999999999998,1.476461e-18
78.4,1.7348766e-18
78.5,2.0102492333333333e-18
78.6,1.9189471e-18
78.7,2.1138211666666664e-18
78.8,2.4643078000000003e-18
78.9,2.3356742e-18
79.0,2.1233950666666666e-18
79.1,2.0930643e-18
79.2,1.8347470666666664e-18
79.29999999999998,2.0204606666666665e-18
79.4,2.9892002333333333e-18
79.5,3.581672566666666e-18
79.6,3.562659066666666e-18
79.69999999999999,3.8153748333333325e-18
79.79999999999998,3.966714666666667e-18
79.89999999999999,3.8588490666666665e-18
80.00000000000001,4.2410732999999995e-18
80.10000000000001,4.5440486000000005e-18
80.20000000000002,4.072825e-18
80.30000000000001,4.109671233333332e-18
80.4,4.897899e-18
80.5,5.098208999999999e-18
80.6,5.017600666666667e-18
80.69999999999999,5.534238e-18
80.79999999999998,5.870804333333333e-18
80.9,6.0399043333333335e-18
81.0,6.653364e-18
81.1,6.576851666666666e-18
81.2,5.357353333333332e-18
81.3,4.79081e-18
81.39999999999999,5.114457666666666e-18
81.49999999999999,5.065520666666666e-18
81.6,4.984221333333333e-18
81.7,5.351733333333333e-18
81.8,5.308039666666667e-18
81.9,5.055758666666666e-18
82.0,5.187282999999999e-18
82.1,4.844671333333334e-18
82.2,3.863542833333333e-18
82.3,3.538789666666666e-18
82.40000000000002,3.7447846666666665e-18
82.50000000000001,3.494482e-18
82.60000000000001,3.0471393333333326e-18
82.7,2.744761333333333e-18
82.8,2.2398696666666665e-18
82.89999999999999,1.8962733e-18
82.99999999999999,2.0215393666666666e-18
83.09999999999998,2.0200929999999997e-18
83.19999999999999,1.737958333333333e-18
83.29999999999998,1.6334056333333333e-18
83.4,1.4941797999999998e-18
83.5,1.1438721666666666e-18
83.60000000000001,9.334711966666666e-19
83.7,8.593790000000001e-19
83.8,7.478158866666666e-19
83.89999999999999,8.785277e-19
83.99999999999999,1.1307928666666664e-18
84.09999999999998,1.1221790666666664e-18
84.2,1.0117068666666667e-18
84.3,9.398108666666665e-19
84.4,7.426112666666667e-19
84.5,7.826239666666667e-19
84.6,1.2216141666666665e-18
84.7,1.4664465333333335e-18
84.79999999999998,1.4054757333333334e-18
84.9,1.4972594666666667e-18
85.0,1.5691373333333335e-18
85.1,1.5333253333333333e-18
85.2,1.765292166666667e-18
85.3,2.0090697e-18
85.4,1.9141182666666665e-18
85.5,2.026925033333333e-18
85.6,2.379422833333334e-18
85.70000000000002,2.339606533333333e-18
85.80000000000001,2.1726259333333332e-18
85.90000000000002,2.351774966666667e-18
86.0,2.5166542e-18
86.1,2.7553760666666665e-18
86.19999999999999,3.3193035666666663e-18
86.29999999999998,3.4604460666666663e-18
86.39999999999999,2.9688960666666668e-18
86.49999999999999,2.8303304333333326e-18
86.59999999999998,3.0966575000000002e-18
86.7,3.221984966666666e-18
86.8,3.582319333333333e-18
86.9,4.1964183333333326e-18
87.0,4.3848890000000004e-18
87.10000000000001,4.518237666666666e-18
87.19999999999999,4.932443666666667e-18
87.29999999999998,4.730836999999999e-18
87.4,3.982723333333333e-18
87.5,3.975834e-18
87.6,4.580452999999999e-18
87.7,4.9382863333333335e-18
87.8,5.297215666666666e-18
87.9,5.687797666666666e-18
88.0,5.554128666666666e-18
88.09999999999998,5.414098333333333e-18
88.2,5.7551899999999995e-18
88.3,5.738995e-18
88.4,5.247428999999999e-18
88.5,5.351324333333333e-18
88.6,5.845338666666667e-18
88.7,5.696280666666667e-18
88.8,5.186896666666666e-18
88.89999999999999,4.919422999999999e-18
88.99999999999999,4.627216333333334e-18
89.10000000000001,4.422833333333333e-18
89.2,4.671952666666666e-18
89.30000000000001,4.796984333333333e-18
89.4,4.449896e-18
89.49999999999999,4.332061333333333e-18
89.59999999999998,4.450040666666667e-18
89.69999999999999,4.008274333333333e-18
89.79999999999998,3.2393529999999997e-18
89.9,2.878427433333333e-18
90.0,2.7242783999999995e-18
90.1,2.4907346e-18
90.20000000000002,2.409520433333333e-18
90.30000000000001,2.3445425666666665e-18
90.4,2.0688715666666666e-18
90.5,1.9263942666666666e-18
90.6,1.9850127e-18
90.7,1.8013056666666665e-18
90.8,1.43753562e-18
90.89999999999999,1.27145356e-18
91.0,1.1969494233333333e-18
91.1,1.0470801099999999e-18
91.19999999999999,9.799433e-19
91.3,1.0163484333333333e-18
91.40000000000002,1.0566917666666664e-18
91.49999999999999,1.1627599666666668e-18
91.59999999999998,1.3206378e-18
91.7,1.379330033333333e-18
91.8,1.3783801666666666e-18
91.9,1.4381228333333333e-18
92.0,1.5400772e-18
92.09999999999998,1.661779533333333e-18
92.19999999999999,1.8379171666666666e-18
92.29999999999998,1.9928353e-18
92.40000000000002,2.074681633333333e-18
92.50000000000001,2.189604e-18
92.60000000000001,2.4023099999999997e-18
92.7,2.6314389999999996e-18
92.8,2.9136203333333333e-18
92.89999999999999,3.3342469999999997e-18
92.99999999999999,3.776015333333333e-18
93.10000000000001,4.085954333333333e-18
93.2,4.295069666666666e-18
93.3,4.368849666666666e-18
93.40000000000002,4.309424666666667e-18
93.50000000000001,4.401538e-18
93.60000000000001,4.796227e-18
93.7,5.217499666666667e-18
93.8,5.593211333333332e-18
93.9,6.091199666666666e-18
94.0,6.532589666666666e-18
94.1,6.6582086666666665e-18
94.19999999999999,6.667554666666665e-18
94.29999999999998,6.72992e-18
94.39999999999999,6.828458999999999e-18
94.49999999999999,7.154803333333333e-18
94.59999999999998,7.764824e-18
94.70000000000002,8.192634666666666e-18
94.79999999999998,8.267498000000001e-18
94.9,8.321120666666664e-18
95.0,8.35895e-18
95.1,8.121328333333333e-18
95.2,7.887313333333332e-18
95.3,8.006974333333334e-18
95.39999999999999,8.309635666666666e-18
95.49999999999999,8.593576999999999e-18
95.59999999999998,8.868587333333334e-18
95.70000000000002,8.846550333333333e-18
95.80000000000001,8.393392e-18
95.9,7.971157e-18
96.0,7.795217666666666e-18
96.1,7.471627333333333e-18
96.19999999999999,7.092579999999998e-18
96.29999999999998,7.095623333333333e-18
96.39999999999998,7.219770666666667e-18
96.5,6.991042e-18
96.6,6.6014673333333325e-18
96.7,6.175554666666666e-18
96.80000000000001,5.6055119999999995e-18
96.9,5.187334e-18
97.0,5.103263e-18
97.1,4.8711453333333325e-18
97.2,4.427523333333333e-18
97.3,4.210345666666666e-18
97.4,4.084417666666666e-18
97.5,3.6464303333333335e-18
97.59999999999998,3.1555366333333335e-18
97.69999999999999,2.8696640666666664e-18
97.79999999999998,2.6507644e-18
97.90000000000002,2.4819391999999998e-18
98.00000000000001,2.4354715666666666e-18
98.10000000000001,2.298354933333333e-18
98.2,2.0470538e-18
98.3,1.8784325666666666e-18
98.4,1.788527433333333e-18
98.5,1.6307967999999999e-18
98.6,1.4904294333333333e-18
98.69999999999999,1.4573574e-18
98.79999999999998,1.4871425e-18
98.9,1.4577872333333333e-18
99.00000000000001,1.3742226e-18
99.10000000000001,1.3263129999999998e-18
99.2,1.3466399999999998e-18
99.3,1.3061218666666666e-18
99.4,1.2420870333333333e-18
99.5,1.288110733333333e-18
99.6,1.4039730333333332e-18
99.69999999999997,1.4390008333333332e-18
99.79999999999997,1.4590273333333334e-18
99.9,1.4910991666666665e-18
100.0,1.4820835999999998e-18
100.1,1.4836538166666666e-18
100.2,1.5820023766666666e-18
100.3,1.6024581333333332e-18
100.39999999999999,1.518350693333333e-18
100.50000000000001,1.5625330049999996e-18
100.60000000000001,1.7408148e-18
100.7,1.7191951033333333e-18
100.8,1.5724557433333332e-18
100.89999999999999,1.6143723266666667e-18
100.99999999999999,1.7532311666666663e-18
101.09999999999998,1.7289073666666667e-18
101.20000000000002,1.7086469999999999e-18
101.30000000000001,1.7472242999999998e-18
101.4,1.7053859666666664e-18
101.5,1.7424906e-18
101.6,1.9935245666666665e-18
101.7,2.0372328666666665e-18
101.8,1.8501001333333333e-18
101.89999999999999,1.911116433333333e-18
101.99999999999999,2.1124003333333335e-18
102.09999999999998,1.9639773333333332e-18
102.2,1.7456799e-18
102.3,1.7751920999999997e-18
102.4,1.8338976666666667e-18
102.5,1.9134108333333335e-18
102.6,2.1919846666666665e-18
102.7,2.2558150333333333e-18
102.8,2.017760233333333e-18
102.9,2.043749033333333e-18
103.00000000000001,2.3217502e-18
103.09999999999998,2.2683081666666664e-18
103.2,2.138439633333333e-18
103.3,2.3643497666666667e-18
103.4,2.6107923000000005e-18
103.5,2.6052290666666666e-18
103.6,2.6141499e-18
103.69999999999999,2.4711901999999995e-18
103.79999999999998,2.0970925e-18
103.90000000000002,2.0993797e-18
104.0,2.5927867e-18
104.1,2.7965493666666664e-18
104.19999999999999,2.7900359333333332e-18
104.29999999999998,3.209153666666666e-18
104.39999999999999,3.658837599999999e-18
104.50000000000001,3.4875963999999996e-18
104.60000000000001,3.1440284666666666e-18
104.7,2.9164696666666664e-18
104.8,2.6062502666666666e-18
104.90000000000002,2.5956861666666666e-18
105.00000000000001,3.139341833333333e-18
105.10000000000001,3.404536366666666e-18
105.19999999999999,3.2937912e-18
105.29999999999998,3.639333133333333e-18
105.4,4.1301352e-18
105.5,3.8157522333333335e-18
105.6,3.248736866666666e-18
105.7,3.172472366666666e-18
105.8,3.233450733333333e-18
105.89999999999999,3.2944343333333334e-18
105.99999999999999,3.680744833333333e-18
106.1,3.867842599999999e-18
106.2,3.605017753333333e-18
106.3,3.5947773533333324e-18
106.4,3.809352113333334e-18
106.5,3.4052085733333328e-18
106.6,2.8198075366666666e-18
106.7,2.922374503333333e-18
106.8,3.302589763333333e-18
106.89999999999999,3.3410568e-18
106.99999999999999,3.3715297999999997e-18
107.09999999999998,3.3870151333333328e-18
107.20000000000002,3.0972520333333337e-18
107.30000000000001,2.8792046999999995e-18
107.4,2.967397e-18
107.49999999999999,2.7510744333333338e-18
107.59999999999998,2.3708121e-18
107.69999999999999,2.5760350666666666e-18
107.79999999999998,3.0461706666666665e-18
107.9,2.9697106666666667e-18
108.0,2.7171149999999996e-18
108.1,2.7079599999999996e-18
108.20000000000002,2.622704333333333e-18
108.30000000000001,2.4616519999999997e-18
108.4,2.5618580000000003e-18
108.5,2.526252333333333e-18
108.6,2.2728619999999997e-18
108.7,2.4212059999999996e-18
108.8,2.836544999999999e-18
108.9,2.7031266666666668e-18
109.0,2.3583086666666668e-18
109.1,2.4747270000000003e-18
109.19999999999999,2.71142e-18
109.29999999999998,2.6442333333333333e-18
109.40000000000002,2.6335649999999994e-18
109.50000000000001,2.664181e-18
109.60000000000001,2.495386333333333e-18
109.69999999999999,2.409397666666666e-18
109.8,2.5335053333333333e-18
109.9,2.319068333333333e-18
110.0,1.9328371333333332e-18
110.1,2.061645333333333e-18
110.19999999999999,2.47055e-18
110.29999999999998,2.429016333333333e-18
110.40000000000002,2.2404276666666668e-18
110.50000000000001,2.3146556666666666e-18
110.60000000000001,2.3204916666666663e-18
110.7,2.0774683333333336e-18
110.8,1.9426858333333333e-18
110.89999999999999,1.7869594e-18
110.99999999999999,1.5245482e-18
111.09999999999998,1.5656807999999997e-18
111.20000000000002,1.859592e-18
111.3,1.740171833333333e-18
111.4,1.4231489333333332e-18
111.5,1.4593343666666664e-18
111.60000000000001,1.582616333333333e-18
111.7,1.4189409333333333e-18
111.8,1.3349403e-18
111.9,1.3867002333333331e-18
112.0,1.3531983666666664e-18
112.1,1.3707496666666666e-18
112.2,1.5040757333333334e-18
112.3,1.3483642333333333e-18
112.39999999999999,1.0621469333333334e-18
112.49999999999999,1.0748422e-18
112.59999999999998,1.2358317666666668e-18
112.70000000000002,1.2115699333333333e-18
112.80000000000001,1.2438648666666666e-18
112.9,1.3974257e-18
113.0,1.4852337333333334e-18
113.1,1.5332679333333331e-18
113.2,1.6525911099999999e-18
113.3,1.6029975966666665e-18
113.39999999999999,1.4646468499999998e-18
113.49999999999999,1.5459770433333334e-18
113.59999999999998,1.7661526033333333e-18
113.7,1.7677648299999997e-18
113.80000000000001,1.7340250099999996e-18
113.9,1.8751075333333333e-18
114.0,2.027988513333333e-18
114.1,2.042405206666666e-18
114.19999999999999,2.1122765399999998e-18
114.29999999999998,2.171279696666666e-18
114.40000000000002,2.1654474899999997e-18
114.50000000000001,2.3025889333333333e-18
114.6,2.6153926333333335e-18
114.70000000000002,2.6958297e-18
114.80000000000001,2.6693514666666667e-18
114.9,2.939600033333333e-18
115.00000000000003,3.3140646666666663e-18
115.10000000000002,3.323374999999999e-18
115.2,3.2413495666666666e-18
115.3,3.322050866666666e-18
115.39999999999999,3.3548883e-18
115.49999999999999,3.2728890666666664e-18
115.59999999999998,3.337674833333333e-18
115.69999999999997,3.3838016999999998e-18
115.79999999999997,3.3912505333333327e-18
115.90000000000002,3.703990666666666e-18
116.00000000000001,4.222049666666667e-18
116.10000000000001,4.324266666666666e-18
116.2,4.196356666666666e-18
116.3,4.3160076666666665e-18
116.4,4.425541e-18
116.5,4.124301666666666e-18
116.6,3.833751e-18
116.70000000000002,3.796131333333333e-18
116.79999999999998,3.7989063333333334e-18
116.9,3.815183666666666e-18
117.0,3.962938666666666e-18
117.1,3.908464333333333e-18
117.19999999999999,3.6612548333333325e-18
117.29999999999998,3.587003666666666e-18
117.39999999999998,3.611945e-18
117.49999999999997,3.3286743333333325e-18
117.59999999999997,3.0474429999999995e-18
117.7,3.135635333333333e-18
117.8,3.3493333333333327e-18
117.89999999999999,3.3393563333333327e-18
117.99999999999999,3.296288333333333e-18
118.10000000000001,3.2576679999999995e-18
118.2,3.0759553333333335e-18
118.3,2.7666163333333333e-18
118.40000000000002,2.5112569666666667e-18
118.50000000000001,2.2151249333333333e-18
118.60000000000001,1.9781520666666666e-18
118.69999999999999,2.040461533333333e-18
118.79999999999998,2.3178023333333333e-18
118.89999999999998,2.384854e-18
118.99999999999997,2.3332435333333333e-18
119.09999999999997,2.3720782e-18
119.20000000000002,2.312396333333333e-18
119.30000000000001,1.9318600666666663e-18
119.40000000000003,1.5546414666666668e-18
119.5,1.3125959333333332e-18
119.6,1.1373090666666664e-18
119.7,1.1149091666666667e-18
119.8,1.2931924666666664e-18
119.90000000000002,1.2995928333333332e-18
120.00000000000001,1.1761627999999999e-18
120.09999999999998,1.2060245999999998e-18
120.2,1.2390926999999997e-18
120.3,9.475333333333333e-19
120.39999999999999,6.556944000000001e-19
120.49999999999999,5.978662999999999e-19
120.59999999999998,6.107094099999999e-19
120.69999999999997,5.842133666666666e-19
120.79999999999997,6.624931333333334e-19
120.9,6.952563133333333e-19
121.0,6.469048166666666e-19
121.1,6.672555933333332e-19
121.19999999999999,7.549738233333334e-19
121.29999999999998,6.424783366666665e-19
121.4,5.037362566666667e-19
121.5,6.100454033333332e-19
121.6,8.243500666666667e-19
121.69999999999999,7.876660333333333e-19
121.80000000000001,7.053737499999998e-19
121.9,8.046287666666665e-19
122.0,9.103099333333333e-19
122.1,8.068037666666666e-19
122.19999999999997,7.469943999999999e-19
122.29999999999997,7.761403333333333e-19
122.40000000000002,8.003162666666665e-19
122.50000000000001,9.037190333333334e-19
122.60000000000001,1.1652948566666664e-18
122.70000000000003,1.2673086199999999e-18
122.80000000000003,1.3056529999999998e-18
122.90000000000002,1.6024737666666667e-18
123.00000000000001,1.9727696666666666e-18
123.10000000000001,1.9566255666666662e-18
123.20000000000002,1.8452475666666666e-18
123.30000000000001,1.9475586333333328e-18
123.4,2.0285341999999997e-18
123.5,1.847237833333333e-18
123.6,1.7087915333333332e-18
123.69999999999999,1.7017200666666665e-18
123.79999999999998,1.7306726999999998e-18
123.89999999999998,1.8202614666666664e-18
123.99999999999997,2.0711546666666664e-18
124.09999999999997,2.2716160666666665e-18
124.2,2.4559857666666664e-18
124.3,2.8052686666666667e-18
124.39999999999999,3.2074837999999994e-18
124.49999999999999,3.284972766666666e-18
124.59999999999998,3.247993166666667e-18
124.7,3.4112077999999995e-18
124.8,3.6008165999999994e-18
124.90000000000002,3.486763733333333e-18
124.99999999999999,3.3712930000000003e-18
125.09999999999998,3.4745914999999995e-18
125.2,3.603304133333334e-18
125.3,3.574162433333333e-18
125.39999999999999,3.611314266666666e-18
125.49999999999999,3.7303924e-18
125.59999999999998,3.872394933333333e-18
125.69999999999996,4.071859e-18
125.80000000000001,4.384335066666667e-18
125.9,4.583993833333333e-18
126.0,4.7158134e-18
126.10000000000002,4.955369999999999e-18
126.20000000000002,5.201392333333333e-18
126.30000000000001,5.096391333333333e-18
126.40000000000002,4.884250233333333e-18
126.50000000000001,4.934522e-18
126.60000000000001,5.0760369999999995e-18
126.7,4.923371333333333e-18
126.8,4.8131133333333335e-18
126.89999999999999,5.027935333333333e-18
126.99999999999999,5.288805333333333e-18
127.09999999999998,5.306816e-18
127.19999999999997,5.355178666666666e-18
127.29999999999997,5.485220999999999e-18
127.40000000000002,5.568236333333333e-18
127.50000000000001,5.618840333333333e-18
127.60000000000001,5.755897666666666e-18
127.69999999999999,5.796470999999999e-18
127.79999999999998,5.806229666666666e-18
127.9,5.967818333333334e-18
128.0,6.181648666666667e-18
128.1,6.094995333333333e-18
128.2,5.928485333333333e-18
128.3,6.0153076666666664e-18
128.4,6.182082666666666e-18
128.5,6.0176299999999995e-18
128.6,5.858112666666666e-18
128.7,6.071549666666666e-18
128.79999999999998,6.343852333333333e-18
128.89999999999998,6.219202666666666e-18
128.99999999999997,6.056308666666667e-18
129.09999999999997,6.1148113333333335e-18
129.20000000000002,6.121267666666667e-18
129.3,5.881488999999999e-18
129.4,5.711165999999999e-18
129.5,5.6117653333333325e-18
129.6,5.4815253333333325e-18
129.7,5.4114256666666665e-18
129.8,5.4450463333333325e-18
129.9,5.2586083333333325e-18
130.0,5.014803666666666e-18
130.1,5.087132666666666e-18
130.2,5.289724666666666e-18
130.29999999999998,5.114742e-18
130.40000000000003,4.9413616666666664e-18
130.49999999999997,5.221626333333332e-18
130.59999999999997,5.537812666666667e-18
130.69999999999996,5.313469333333333e-18
130.80000000000004,5.006971666666667e-18
130.90000000000003,4.996905999999999e-18
131.00000000000003,4.929408333333333e-18
131.1,4.5324656666666666e-18
131.2,4.2761859999999995e-18
131.30000000000004,4.325056e-18
131.4,4.4686910000000005e-18
131.5,4.607807e-18
131.6,4.8309123333333324e-18
131.7,4.892488333333333e-18
131.79999999999998,4.764813666666666e-18
131.89999999999998,4.646433333333333e-18
131.99999999999997,4.522404e-18
132.09999999999997,4.0782526666666665e-18
132.19999999999996,3.6680646666666665e-18
132.3,3.789697666666667e-18
132.4,4.158481666666667e-18
132.5,4.142993e-18
132.6,4.137989666666667e-18
132.7,4.549980999999999e-18
132.8,4.819715333333333e-18
132.9,4.4041629999999996e-18
133.0,3.903923333333333e-18
133.1,3.711003999999999e-18
133.20000000000002,3.565823333333333e-18
133.3,3.391867666666667e-18
133.4,3.549173999999999e-18
133.5,3.917850999999999e-18
133.6,4.290027333333333e-18
133.7,4.608204999999999e-18
133.8,4.762065e-18
133.9,4.4550900000000005e-18
134.0,3.911691333333334e-18
134.1,3.494535666666667e-18
134.2,3.203686666666666e-18
134.3,2.784714333333333e-18
134.4,2.6060549000000003e-18
134.5,3.035809066666666e-18
134.6,3.681805666666667e-18
134.7,3.8861606e-18
134.8,3.9848600999999994e-18
134.9,4.312860933333333e-18
135.0,4.383063666666666e-18
135.1,3.8112437e-18
135.2,3.242163499999999e-18
135.29999999999998,3.0342362666666665e-18
135.39999999999998,2.9887251000000003e-18
135.49999999999997,3.0573120666666665e-18
135.59999999999997,3.4445734e-18
135.69999999999996,3.8812740666666666e-18
135.80000000000004,4.178032499999999e-18
135.9,4.318078733333334e-18
136.0,4.207297199999999e-18
136.1,3.6480695e-18
136.2,2.9908572333333332e-18
136.3,2.6116985666666664e-18
136.4,2.4647243333333333e-18
136.5,2.2610266000000003e-18
136.6,2.2724208e-18
136.7,2.7145918666666665e-18
136.79999999999998,3.196012066666666e-18
136.89999999999998,3.2038437000000002e-18
136.99999999999997,3.0970072e-18
137.09999999999997,3.1625569666666665e-18
137.19999999999996,3.0793677999999997e-18
137.3,2.631083366666666e-18
137.4,2.317597166666666e-18
137.50000000000003,2.3164746666666664e-18
137.60000000000002,2.4576025333333336e-18
137.70000000000002,2.6591047999999994e-18
137.80000000000004,2.9998147000000003e-18
137.90000000000003,3.2509772333333326e-18
138.00000000000003,3.3355247999999998e-18
138.10000000000002,3.2655642999999997e-18
138.20000000000002,3.0516134e-18
138.3,2.6272804e-18
138.4,2.257021566666667e-18
138.49999999999997,2.1316775666666665e-18
138.59999999999997,2.2017996333333333e-18
138.69999999999996,2.2338959999999997e-18
138.8,2.354821e-18
138.9,2.612088e-18
139.0,2.7867796666666668e-18
139.1,2.635127e-18
139.2,2.4127429999999997e-18
139.3,2.244716e-18
139.4,2.0514813333333333e-18
139.5,1.7834733333333333e-18
139.6,1.6674913333333332e-18
139.7,1.7185683333333333e-18
139.8,1.891540333333333e-18
139.9,2.0647404333333335e-18
140.0,2.2572252333333333e-18
140.1,2.4154766666666662e-18
140.2,2.4882873333333333e-18
140.29999999999998,2.3467106666666666e-18
140.39999999999998,2.151585e-18
140.49999999999997,2.0025543333333332e-18
140.6,1.9037886666666668e-18
140.7,1.8043363333333333e-18
140.79999999999998,1.8380419999999997e-18
140.9,1.9290723333333336e-18
141.0,2.0262056666666668e-18
141.1,2.0661896666666667e-18
141.2,2.0562086333333333e-18
141.3,1.9279396666666663e-18
141.4,1.7817589999999996e-18
141.5,1.6101226333333332e-18
141.6,1.4798592666666665e-18
141.7,1.4039503333333332e-18
141.80000000000004,1.4198546666666666e-18
141.90000000000003,1.4571976666666666e-18
142.00000000000003,1.5780396666666665e-18
142.09999999999997,1.6921346666666663e-18
142.19999999999996,1.799536333333333e-18
142.30000000000004,1.9071609999999995e-18
142.40000000000003,1.9982356666666666e-18
142.50000000000003,1.9069486666666664e-18
142.60000000000002,1.7937393333333332e-18
142.7,1.7600136666666666e-18
142.8,1.7321556666666668e-18
142.9,1.5836199999999999e-18
143.0,1.5112069666666666e-18
143.1,1.5507943333333333e-18
143.2,1.6090773333333329e-18
143.29999999999998,1.5376490000000002e-18
143.39999999999998,1.487909333333333e-18
143.49999999999997,1.5396599999999999e-18
143.59999999999997,1.6100916e-18
143.69999999999996,1.5050351666666667e-18
143.8,1.4481672666666668e-18
143.9,1.5567462666666664e-18
144.0,1.6570163333333332e-18
144.1,1.5710649e-18
144.2,1.5514838666666663e-18
144.3,1.6119599333333332e-18
144.4,1.6334737666666664e-18
144.5,1.5817566666666665e-18
144.60000000000002,1.5752816666666661e-18
144.70000000000002,1.5043987666666664e-18
144.8,1.4398990333333334e-18
144.9,1.4493275666666666e-18
145.0,1.4929469666666666e-18
145.1,1.3985138999999996e-18
145.2,1.3339339666666667e-18
145.3,1.3887977666666665e-18
145.4,1.4395470666666664e-18
145.5,1.2772834333333334e-18
145.6,1.1572946e-18
145.7,1.2338446333333332e-18
145.8,1.3126258333333332e-18
145.9,1.1541019999999999e-18
146.0,1.0846431e-18
146.1,1.2432919333333333e-18
146.2,1.3927640666666666e-18
146.3,1.3392511333333335e-18
146.4,1.3614024666666663e-18
146.5,1.4808185666666668e-18
146.6,1.5260247666666667e-18
146.7,1.4047711333333331e-18
146.80000000000004,1.3182594333333334e-18
146.89999999999998,1.2596765333333332e-18
146.99999999999997,1.2196858333333333e-18
147.09999999999997,1.1901832666666668e-18
147.19999999999996,1.2343923666666666e-18
147.3,1.2197991333333333e-18
147.4,1.2102343000000002e-18
147.5,1.2687885333333333e-18
147.59999999999997,1.3360827666666666e-18
147.7,1.2130988000000002e-18
147.8,1.1230204333333334e-18
147.9,1.1982462333333332e-18
148.0,1.2566461666666667e-18
148.1,1.0924535333333333e-18
148.2,1.0400343666666666e-18
148.29999999999998,1.2404897666666665e-18
148.39999999999998,1.4748852e-18
148.49999999999997,1.5184381333333333e-18
148.60000000000002,1.6240417666666667e-18
148.70000000000002,1.8324026e-18
148.8,1.9001882999999995e-18
148.90000000000003,1.6513932666666664e-18
149.00000000000003,1.4049074666666664e-18
149.10000000000002,1.2558161333333332e-18
149.20000000000002,1.1002912666666665e-18
149.30000000000004,9.258663333333333e-19
149.4,9.306497666666667e-19
149.5,9.818445999999997e-19
149.6,1.1020465666666667e-18
149.7,1.3914707333333332e-18
149.79999999999998,1.7164988e-18
149.89999999999998,1.758532166666667e-18
149.99999999999997,1.782690766666666e-18
150.09999999999997,1.937381333333333e-18
150.19999999999996,1.9345209999999998e-18
150.3,1.5733560666666666e-18
150.4,1.3026807666666664e-18
150.5,1.2951411999999998e-18
150.6,1.3276943999999998e-18
150.7,1.2184989666666667e-18
150.8,1.2696494999999999e-18
150.9,1.5418404666666667e-18
151.0,1.7586209666666664e-18
151.1,1.6794884333333332e-18
151.2,1.6190094333333335e-18
151.3,1.6687171333333334e-18
151.4,1.6168829333333332e-18
151.5,1.3793270333333331e-18
151.6,1.2701503666666665e-18
151.7,1.2687763333333331e-18
151.79999999999998,1.3200205333333335e-18
151.89999999999998,1.4589251333333333e-18
152.0,1.6979907333333328e-18
152.1,1.8170496666666665e-18
152.2,1.9284590333333335e-18
152.3,2.085319333333333e-18
152.4,2.1336889e-18
152.5,1.898121533333333e-18
152.6,1.6827475999999997e-18
152.7,1.6515863e-18
152.79999999999998,1.6393872999999996e-18
152.9,1.4164291333333331e-18
152.99999999999997,1.3581291666666665e-18
153.1,1.6804117666666666e-18
153.19999999999996,1.9888267666666667e-18
153.30000000000004,1.8827186333333332e-18
153.40000000000003,1.884516033333333e-18
153.50000000000003,2.2401672666666665e-18
153.60000000000002,2.4078415999999998e-18
153.69999999999996,2.064124633333333e-18
153.80000000000004,1.865066e-18
153.9,2.021944466666666e-18
154.0,2.0631816333333335e-18
154.1,1.778701666666666e-18
154.2,1.6962434999999998e-18
154.29999999999998,1.908645033333333e-18
154.4,2.0547181e-18
154.49999999999997,1.9700801666666665e-18
154.6,2.0111470666666665e-18
154.69999999999996,2.1654468666666665e-18
154.79999999999998,2.2356196666666663e-18
154.89999999999998,2.2046025333333335e-18
154.99999999999997,2.248413533333333e-18
155.09999999999997,2.216884333333333e-18
155.19999999999996,2.184379533333333e-18
155.3,2.277456966666667e-18
155.4,2.3635117666666667e-18
155.5,2.180639966666666e-18
155.6,2.0783259999999996e-18
155.70000000000002,2.2410318333333333e-18
155.8,2.341824533333334e-18
155.9,2.105582366666667e-18
156.0,2.0299338666666665e-18
156.10000000000002,2.348086333333333e-18
156.2,2.6065171999999998e-18
156.3,2.4188845666666664e-18
156.39999999999998,2.4127157333333334e-18
156.49999999999997,2.909894033333333e-18
156.59999999999997,3.2130604333333332e-18
156.69999999999996,2.8305772666666662e-18
156.8,2.6526393e-18
156.9,3.0760030666666668e-18
157.0,3.2628695e-18
157.1,2.8016146999999997e-18
157.2,2.66459e-18
157.3,3.1318442000000003e-18
157.4,3.360250266666666e-18
157.5,2.9854887666666662e-18
157.6,2.8663426e-18
157.7,3.2444262666666666e-18
157.8,3.3987883999999994e-18
157.89999999999998,3.012369233333333e-18
158.0,2.867446266666667e-18
158.09999999999997,3.140847233333333e-18
158.2,3.2228504666666666e-18
158.30000000000004,2.9665877e-18
158.4,2.9911279e-18
158.49999999999997,3.2484970666666667e-18
158.59999999999997,3.4065625333333336e-18
158.69999999999996,3.4915675666666656e-18
158.8,3.614703266666666e-18
158.9,3.5023461e-18
159.0,3.346382466666667e-18
159.1,3.3782009333333335e-18
159.2,3.3576843333333334e-18
159.3,3.0079421999999996e-18
159.39999999999998,2.8669191666666664e-18
159.5,3.1844145999999997e-18
159.59999999999997,3.4347476666666665e-18
159.7,3.2284170666666666e-18
159.79999999999998,3.283779666666667e-18
159.89999999999998,3.9202283e-18
160.00000000000003,4.3154483333333325e-18
160.10000000000002,3.920814966666667e-18
160.20000000000002,3.742520499999999e-18
160.30000000000004,4.227656999999999e-18
160.40000000000003,4.331836333333333e-18
160.50000000000003,3.559896466666666e-18
160.60000000000002,3.2292047999999995e-18
160.70000000000002,3.798249333333332e-18
160.8,4.038772666666666e-18
160.89999999999998,3.4226216666666668e-18
161.0,3.2833366666666663e-18
161.09999999999997,4.012198e-18
161.2,4.3212846666666665e-18
161.29999999999998,3.696505333333333e-18
161.39999999999998,3.4877446666666665e-18
161.49999999999997,4.053406333333332e-18
161.59999999999997,4.160890333333334e-18
161.69999999999996,3.4376759999999992e-18
161.8,3.1895279999999997e-18
161.9,3.6732383333333324e-18
162.0,3.828907666666667e-18
162.1,3.3637979999999996e-18
162.2,3.2687083333333324e-18
162.3,3.668103666666667e-18
162.4,3.7738473333333335e-18
162.5,3.3851260000000002e-18
162.6,3.305955e-18
162.7,3.641548666666667e-18
162.79999999999998,3.80153e-18
162.9,3.665929333333333e-18
162.99999999999997,3.832339666666666e-18
163.1,4.2533716666666664e-18
163.2,4.590508666666666e-18
163.3,4.843075e-18
163.4,5.142202666666666e-18
163.5,5.208599e-18
163.6,5.1204573333333335e-18
163.7,5.020209666666667e-18
163.8,4.7627249999999994e-18
163.9,4.199947666666666e-18
164.0,3.810803333333333e-18
164.1,3.777906666666667e-18
164.2,3.746910333333333e-18
164.3,3.454301333333333e-18
164.4,3.496518999999999e-18
164.5,4.161820333333333e-18
164.6,4.739260666666667e-18
164.69999999999996,4.6430326666666665e-18
164.80000000000004,4.8407419999999995e-18
164.90000000000003,5.76332e-18
165.00000000000003,6.082664e-18
165.10000000000002,5.169861333333334e-18
165.20000000000002,4.7254049999999994e-18
165.3,5.313142333333333e-18
165.4,5.294353999999999e-18
165.5,4.1853863333333334e-18
165.6,3.815313666666666e-18
165.7,4.564556666666667e-18
165.79999999999998,4.778943e-18
165.9,3.998545666666667e-18
165.99999999999997,3.952778666666666e-18
166.1,5.0267606666666664e-18
166.19999999999996,5.479064666666666e-18
166.29999999999998,4.694324333333333e-18
166.39999999999998,4.561912666666666e-18
166.49999999999997,5.589683333333333e-18
166.59999999999997,5.8858823333333326e-18
166.69999999999996,4.913602e-18
166.8,4.7001836666666665e-18
166.9,5.559288666666666e-18
167.0,5.579331999999999e-18
167.10000000000002,4.4137063333333334e-18
167.20000000000002,3.9566243333333335e-18
167.3,4.496907666666666e-18
167.4,4.506075666666666e-18
167.5,3.674995666666666e-18
167.6,3.558298666666666e-18
167.7,4.403841999999999e-18
167.79999999999998,4.7781786666666665e-18
167.89999999999998,4.308918000000001e-18
167.99999999999997,4.5414189999999995e-18
168.09999999999997,5.690433333333334e-18
168.19999999999996,6.186278666666667e-18
168.3,5.609725e-18
168.4,5.403798333333333e-18
168.5,5.701623e-18
168.6,5.321279e-18
168.7,4.254897666666666e-18
168.8,3.777021666666666e-18
168.9,3.938116666666667e-18
169.0,3.9237316666666665e-18
169.1,3.673571e-18
169.2,3.939405666666666e-18
169.3,4.694522333333333e-18
169.4,5.368941333333333e-18
169.5,5.771042666666666e-18
169.59999999999997,6.326887666666665e-18
169.7,6.8997319999999986e-18
169.8,6.989680333333332e-18
169.9,6.543971666666666e-18
170.0,6.085478999999999e-18
170.09999999999997,5.6230426666666664e-18
170.2,5.095539999999999e-18
170.3,4.707016333333334e-18
170.4,4.5351179999999995e-18
170.5,4.286742333333333e-18
170.6,4.326502333333333e-18
170.7,4.889300999999999e-18
170.8,5.356272666666667e-18
170.89999999999998,5.298968333333333e-18
171.0,5.506906333333333e-18
171.1,6.075877333333333e-18
171.2,6.035604666666666e-18
171.29999999999998,5.1835666666666664e-18
171.40000000000003,4.692521e-18
171.50000000000003,4.8152079999999996e-18
171.60000000000002,4.6369416666666664e-18
171.70000000000002,3.915036333333333e-18
171.80000000000004,3.865594666666666e-18
171.9,4.776918e-18
172.0,5.324048333333333e-18
172.1,4.994121333333333e-18
172.2,5.409930666666666e-18
172.3,6.8619063333333325e-18
172.39999999999998,7.353258333333332e-18
172.5,6.360637999999999e-18
172.59999999999997,6.018650333333332e-18
172.7,6.621978000000001e-18
172.79999999999998,6.2042229999999985e-18
172.89999999999998,4.6289469999999995e-18
172.99999999999997,4.068836333333333e-18
173.09999999999997,4.719202666666666e-18
173.19999999999996,4.684483666666667e-18
173.3,3.631772666666667e-18
173.4,3.611709666666666e-18
173.5,4.968542333333332e-18
173.6,5.486621666666666e-18
173.7,4.554105333333333e-18
173.8,4.693245666666666e-18
173.9,6.283129999999999e-18
174.0,6.500939666666666e-18
174.1,4.911616666666666e-18
174.20000000000002,4.571218999999999e-18
174.29999999999998,5.749498e-18
174.39999999999998,5.651665e-18
174.49999999999997,4.1037e-18
174.59999999999997,3.944060666666666e-18
174.69999999999996,5.340215999999999e-18
174.8,5.635701999999999e-18
174.9,4.398640999999999e-18
175.0,4.479225666666667e-18
175.1,6.355045666666665e-18
175.2,6.899291333333332e-18
175.3,5.42211e-18
175.4,5.587972999999999e-18
175.50000000000003,7.882191333333334e-18
175.6,8.205687333333334e-18
175.7,6.011291333333333e-18
175.8,5.664681e-18
175.9,7.488633666666667e-18
176.0,7.357545333333333e-18
176.1,5.093494333333333e-18
176.19999999999996,4.799167333333333e-18
176.30000000000004,6.511219999999999e-18
176.4,6.342912666666667e-18
176.5,4.098709e-18
176.6,3.804201999999999e-18
176.7,5.796325333333333e-18
176.8,6.175607e-18
176.9,4.4469203333333335e-18
177.0,4.555372666666666e-18
177.1,6.6024636666666665e-18
177.2,6.455793666666666e-18
177.29999999999998,4.007593666666666e-18
177.4,3.709169666666666e-18
177.49999999999997,5.791546666666667e-18
177.6,6.019346000000001e-18
177.69999999999996,3.929123999999999e-18
177.79999999999998,3.7661269999999995e-18
177.89999999999998,5.965974999999999e-18
177.99999999999997,6.185685999999999e-18
178.09999999999997,4.029200666666666e-18
178.20000000000002,4.7832443333333336e-18
178.3,8.861105999999998e-18
178.4,9.883616e-18
178.50000000000003,6.727706999999999e-18
178.60000000000002,6.208039e-18
178.70000000000002,9.290788999999999e-18
178.8,9.045764e-18
178.9,5.2014596666666665e-18
178.99999999999997,5.580465e-18
179.1,1.0049199333333332e-17
179.19999999999996,9.767581333333333e-18
179.29999999999998,4.2727550000000005e-18
179.39999999999998,3.2576219999999996e-18
179.49999999999997,8.645202666666665e-18
179.59999999999997,1.1263422666666667e-17
179.69999999999996,9.575327999999999e-18
179.8,1.4482480666666666e-17
179.9,2.9676274e-17
180.0,4.481987666666667e-17
